Label (Grouping),ZCTA5 64014!!Estimate,ZCTA5 64014!!Percent,ZCTA5 64015!!Estimate,ZCTA5 64015!!Percent,ZCTA5 64016!!Estimate,ZCTA5 64016!!Percent,ZCTA5 64029!!Estimate,ZCTA5 64029!!Percent,ZCTA5 64030!!Estimate,ZCTA5 64030!!Percent,ZCTA5 64034!!Estimate,ZCTA5 64034!!Percent,ZCTA5 64050!!Estimate,ZCTA5 64050!!Percent,ZCTA5 64052!!Estimate,ZCTA5 64052!!Percent,ZCTA5 64053!!Estimate,ZCTA5 64053!!Percent,ZCTA5 64054!!Estimate,ZCTA5 64054!!Percent,ZCTA5 64055!!Estimate,ZCTA5 64055!!Percent,ZCTA5 64056!!Estimate,ZCTA5 64056!!Percent,ZCTA5 64057!!Estimate,ZCTA5 64057!!Percent,ZCTA5 64058!!Estimate,ZCTA5 64058!!Percent,ZCTA5 64063!!Estimate,ZCTA5 64063!!Percent,ZCTA5 64064!!Estimate,ZCTA5 64064!!Percent,ZCTA5 64070!!Estimate,ZCTA5 64070!!Percent,ZCTA5 64075!!Estimate,ZCTA5 64075!!Percent,ZCTA5 64081!!Estimate,ZCTA5 64081!!Percent,ZCTA5 64082!!Estimate,ZCTA5 64082!!Percent,ZCTA5 64086!!Estimate,ZCTA5 64086!!Percent,ZCTA5 64088!!Estimate,ZCTA5 64088!!Percent,ZCTA5 64101!!Estimate,ZCTA5 64101!!Percent,ZCTA5 64102!!Estimate,ZCTA5 64102!!Percent,ZCTA5 64105!!Estimate,ZCTA5 64105!!Percent,ZCTA5 64106!!Estimate,ZCTA5 64106!!Percent,ZCTA5 64108!!Estimate,ZCTA5 64108!!Percent,ZCTA5 64109!!Estimate,ZCTA5 64109!!Percent,ZCTA5 64110!!Estimate,ZCTA5 64110!!Percent,ZCTA5 64111!!Estimate,ZCTA5 64111!!Percent,ZCTA5 64112!!Estimate,ZCTA5 64112!!Percent,ZCTA5 64113!!Estimate,ZCTA5 64113!!Percent,ZCTA5 64114!!Estimate,ZCTA5 64114!!Percent,ZCTA5 64120!!Estimate,ZCTA5 64120!!Percent,ZCTA5 64123!!Estimate,ZCTA5 64123!!Percent,ZCTA5 64124!!Estimate,ZCTA5 64124!!Percent,ZCTA5 64125!!Estimate,ZCTA5 64125!!Percent,ZCTA5 64126!!Estimate,ZCTA5 64126!!Percent,ZCTA5 64127!!Estimate,ZCTA5 64127!!Percent,ZCTA5 64128!!Estimate,ZCTA5 64128!!Percent,ZCTA5 64129!!Estimate,ZCTA5 64129!!Percent,ZCTA5 64130!!Estimate,ZCTA5 64130!!Percent,ZCTA5 64131!!Estimate,ZCTA5 64131!!Percent,ZCTA5 64132!!Estimate,ZCTA5 64132!!Percent,ZCTA5 64133!!Estimate,ZCTA5 64133!!Percent,ZCTA5 64134!!Estimate,ZCTA5 64134!!Percent,ZCTA5 64136!!Estimate,ZCTA5 64136!!Percent,ZCTA5 64137!!Estimate,ZCTA5 64137!!Percent,ZCTA5 64138!!Estimate,ZCTA5 64138!!Percent,ZCTA5 64139!!Estimate,ZCTA5 64139!!Percent,ZCTA5 64145!!Estimate,ZCTA5 64145!!Percent,ZCTA5 64146!!Estimate,ZCTA5 64146!!Percent,ZCTA5 64147!!Estimate,ZCTA5 64147!!Percent
EMPLOYMENT STATUS,,,,,,,,,,,,,,,,,,,,,,,,,,,,,,,,,,,,,,,,,,,,,,,,,,,,,,,,,,,,,,,,,,,,,,,,,,,,,,,,,,,,,,,,,,,,,,,,,,,,,,,,,,
    Population 16 years and over,"21,293","21,293","24,701","24,701","3,658","3,658","15,784","15,784","20,451","20,451","7,011","7,011","17,522","17,522","17,721","17,721","4,768","4,768","2,541","2,541","29,536","29,536","12,693","12,693","12,198","12,198","5,007","5,007","16,703","16,703","15,093","15,093","2,464","2,464","9,298","9,298","19,704","19,704","14,511","14,511","18,894","18,894","1,071","1,071",113,113,0,0,"5,437","5,437","8,823","8,823","8,521","8,521","8,558","8,558","14,845","14,845","15,987","15,987","7,944","7,944","9,259","9,259","21,304","21,304",461,461,"7,722","7,722","7,957","7,957","1,507","1,507","4,360","4,360","12,905","12,905","9,494","9,494","6,431","6,431","15,404","15,404","18,203","18,203","9,449","9,449","30,046","30,046","17,156","17,156","1,232","1,232","8,165","8,165","19,781","19,781","1,756","1,756","4,428","4,428","1,073","1,073",314,314
        In labor force,"15,365",72.20%,"16,395",66.40%,"2,565",70.10%,"11,411",72.30%,"13,724",67.10%,"4,923",70.20%,"10,387",59.30%,"11,462",64.70%,"2,874",60.30%,"1,501",59.10%,"18,271",61.90%,"9,026",71.10%,"7,385",60.50%,"3,168",63.30%,"12,454",74.60%,"10,033",66.50%,"1,660",67.40%,"6,192",66.60%,"13,103",66.50%,"10,456",72.10%,"13,366",70.70%,672,62.70%,65,57.50%,0,-,"4,784",88.00%,"5,869",66.50%,"6,042",70.90%,"5,509",64.40%,"10,159",68.40%,"12,390",77.50%,"5,661",71.30%,"6,919",74.70%,"15,388",72.20%,399,86.60%,"5,046",65.30%,"4,871",61.20%,837,55.50%,"2,523",57.90%,"8,048",62.40%,"5,149",54.20%,"4,073",63.30%,"8,542",55.50%,"12,738",70.00%,"5,712",60.50%,"20,583",68.50%,"11,817",68.90%,803,65.20%,"5,650",69.20%,"12,988",65.70%,"1,235",70.30%,"2,262",51.10%,649,60.50%,160,51.00%
            Civilian labor force,"15,365",72.20%,"16,345",66.20%,"2,565",70.10%,"11,400",72.20%,"13,666",66.80%,"4,870",69.50%,"10,387",59.30%,"11,462",64.70%,"2,874",60.30%,"1,501",59.10%,"18,218",61.70%,"9,026",71.10%,"7,385",60.50%,"3,168",63.30%,"12,273",73.50%,"10,033",66.50%,"1,655",67.20%,"6,174",66.40%,"13,008",66.00%,"10,446",72.00%,"13,238",70.10%,672,62.70%,65,57.50%,0,-,"4,735",87.10%,"5,839",66.20%,"6,036",70.80%,"5,496",64.20%,"10,142",68.30%,"12,376",77.40%,"5,661",71.30%,"6,919",74.70%,"15,388",72.20%,399,86.60%,"5,046",65.30%,"4,871",61.20%,837,55.50%,"2,523",57.90%,"8,048",62.40%,"5,149",54.20%,"4,064",63.20%,"8,542",55.50%,"12,729",69.90%,"5,688",60.20%,"20,562",68.40%,"11,807",68.80%,803,65.20%,"5,650",69.20%,"12,988",65.70%,"1,235",70.30%,"2,262",51.10%,649,60.50%,160,51.00%
                Employed,"14,681",68.90%,"15,690",63.50%,"2,483",67.90%,"11,157",70.70%,"12,784",62.50%,"4,773",68.10%,"9,714",55.40%,"10,915",61.60%,"2,619",54.90%,"1,393",54.80%,"17,253",58.40%,"8,422",66.40%,"6,745",55.30%,"3,102",62.00%,"11,310",67.70%,"9,820",65.10%,"1,637",66.40%,"5,879",63.20%,"12,705",64.50%,"10,102",69.60%,"12,861",68.10%,661,61.70%,65,57.50%,0,-,"4,514",83.00%,"5,513",62.50%,"5,786",67.90%,"5,372",62.80%,"9,771",65.80%,"12,013",75.10%,"5,600",70.50%,"6,832",73.80%,"15,007",70.40%,377,81.80%,"4,812",62.30%,"4,680",58.80%,767,50.90%,"2,365",54.20%,"7,005",54.30%,"4,667",49.20%,"3,807",59.20%,"8,052",52.30%,"11,971",65.80%,"5,099",54.00%,"19,779",65.80%,"10,677",62.20%,762,61.90%,"5,384",65.90%,"12,403",62.70%,"1,135",64.60%,"2,198",49.60%,649,60.50%,85,27.10%
                Unemployed,684,3.20%,655,2.70%,82,2.20%,243,1.50%,882,4.30%,97,1.40%,673,3.80%,547,3.10%,255,5.30%,108,4.30%,965,3.30%,604,4.80%,640,5.20%,66,1.30%,963,5.80%,213,1.40%,18,0.70%,295,3.20%,303,1.50%,344,2.40%,377,2.00%,11,1.00%,0,0.00%,0,-,221,4.10%,326,3.70%,250,2.90%,124,1.40%,371,2.50%,363,2.30%,61,0.80%,87,0.90%,381,1.80%,22,4.80%,234,3.00%,191,2.40%,70,4.60%,158,3.60%,"1,043",8.10%,482,5.10%,257,4.00%,490,3.20%,758,4.20%,589,6.20%,783,2.60%,"1,130",6.60%,41,3.30%,266,3.30%,585,3.00%,100,5.70%,64,1.40%,0,0.00%,75,23.90%
            Armed Forces,0,0.00%,50,0.20%,0,0.00%,11,0.10%,58,0.30%,53,0.80%,0,0.00%,0,0.00%,0,0.00%,0,0.00%,53,0.20%,0,0.00%,0,0.00%,0,0.00%,181,1.10%,0,0.00%,5,0.20%,18,0.20%,95,0.50%,10,0.10%,128,0.70%,0,0.00%,0,0.00%,0,-,49,0.90%,30,0.30%,6,0.10%,13,0.20%,17,0.10%,14,0.10%,0,0.00%,0,0.00%,0,0.00%,0,0.00%,0,0.00%,0,0.00%,0,0.00%,0,0.00%,0,0.00%,0,0.00%,9,0.10%,0,0.00%,9,0.00%,24,0.30%,21,0.10%,10,0.10%,0,0.00%,0,0.00%,0,0.00%,0,0.00%,0,0.00%,0,0.00%,0,0.00%
        Not in labor force,"5,928",27.80%,"8,306",33.60%,"1,093",29.90%,"4,373",27.70%,"6,727",32.90%,"2,088",29.80%,"7,135",40.70%,"6,259",35.30%,"1,894",39.70%,"1,040",40.90%,"11,265",38.10%,"3,667",28.90%,"4,813",39.50%,"1,839",36.70%,"4,249",25.40%,"5,060",33.50%,804,32.60%,"3,106",33.40%,"6,601",33.50%,"4,055",27.90%,"5,528",29.30%,399,37.30%,48,42.50%,0,-,653,12.00%,"2,954",33.50%,"2,479",29.10%,"3,049",35.60%,"4,686",31.60%,"3,597",22.50%,"2,283",28.70%,"2,340",25.30%,"5,916",27.80%,62,13.40%,"2,676",34.70%,"3,086",38.80%,670,44.50%,"1,837",42.10%,"4,857",37.60%,"4,345",45.80%,"2,358",36.70%,"6,862",44.50%,"5,465",30.00%,"3,737",39.50%,"9,463",31.50%,"5,339",31.10%,429,34.80%,"2,515",30.80%,"6,793",34.30%,521,29.70%,"2,166",48.90%,424,39.50%,154,49.00%
    Civilian labor force,"15,365","15,365","16,345","16,345","2,565","2,565","11,400","11,400","13,666","13,666","4,870","4,870","10,387","10,387","11,462","11,462","2,874","2,874","1,501","1,501","18,218","18,218","9,026","9,026","7,385","7,385","3,168","3,168","12,273","12,273","10,033","10,033","1,655","1,655","6,174","6,174","13,008","13,008","10,446","10,446","13,238","13,238",672,672,65,65,0,0,"4,735","4,735","5,839","5,839","6,036","6,036","5,496","5,496","10,142","10,142","12,376","12,376","5,661","5,661","6,919","6,919","15,388","15,388",399,399,"5,046","5,046","4,871","4,871",837,837,"2,523","2,523","8,048","8,048","5,149","5,149","4,064","4,064","8,542","8,542","12,729","12,729","5,688","5,688","20,562","20,562","11,807","11,807",803,803,"5,650","5,650","12,988","12,988","1,235","1,235","2,262","2,262",649,649,160,160
        Unemployment Rate,(X),4.50%,(X),4.00%,(X),3.20%,(X),2.10%,(X),6.50%,(X),2.00%,(X),6.50%,(X),4.80%,(X),8.90%,(X),7.20%,(X),5.30%,(X),6.70%,(X),8.70%,(X),2.10%,(X),7.80%,(X),2.10%,(X),1.10%,(X),4.80%,(X),2.30%,(X),3.30%,(X),2.80%,(X),1.60%,(X),0.00%,(X),-,(X),4.70%,(X),5.60%,(X),4.10%,(X),2.30%,(X),3.70%,(X),2.90%,(X),1.10%,(X),1.30%,(X),2.50%,(X),5.50%,(X),4.60%,(X),3.90%,(X),8.40%,(X),6.30%,(X),13.00%,(X),9.40%,(X),6.30%,(X),5.70%,(X),6.00%,(X),10.40%,(X),3.80%,(X),9.60%,(X),5.10%,(X),4.70%,(X),4.50%,(X),8.10%,(X),2.80%,(X),0.00%,(X),46.90%
    Females 16 years and over,"11,417","11,417","12,722","12,722","1,978","1,978","8,214","8,214","10,864","10,864","3,484","3,484","8,983","8,983","8,584","8,584","2,277","2,277","1,285","1,285","15,679","15,679","6,858","6,858","6,495","6,495","2,740","2,740","8,176","8,176","8,071","8,071","1,261","1,261","4,331","4,331","10,578","10,578","7,698","7,698","9,284","9,284",517,517,32,32,0,0,"2,617","2,617","3,882","3,882","4,240","4,240","4,382","4,382","7,360","7,360","7,365","7,365","3,983","3,983","4,742","4,742","11,454","11,454",160,160,"3,815","3,815","3,817","3,817",801,801,"2,304","2,304","7,360","7,360","5,337","5,337","3,496","3,496","8,621","8,621","10,168","10,168","5,279","5,279","15,460","15,460","8,850","8,850",702,702,"4,387","4,387","10,333","10,333",947,947,"2,299","2,299",589,589,236,236
        In labor force,"8,024",70.30%,"7,752",60.90%,"1,391",70.30%,"5,378",65.50%,"6,734",62.00%,"2,202",63.20%,"4,722",52.60%,"5,044",58.80%,"1,394",61.20%,751,58.40%,"8,695",55.50%,"4,690",68.40%,"3,406",52.40%,"1,466",53.50%,"5,626",68.80%,"4,895",60.60%,840,66.60%,"2,591",59.80%,"6,479",61.20%,"5,415",70.30%,"6,195",66.70%,256,49.50%,32,100.00%,0,-,"2,252",86.10%,"2,619",67.50%,"2,880",67.90%,"2,697",61.50%,"4,864",66.10%,"5,441",73.90%,"2,805",70.40%,"3,358",70.80%,"8,073",70.50%,126,78.80%,"2,179",57.10%,"2,065",54.10%,342,42.70%,"1,090",47.30%,"4,363",59.30%,"2,566",48.10%,"2,058",58.90%,"4,418",51.20%,"6,986",68.70%,"3,155",59.80%,"10,188",65.90%,"5,902",66.70%,424,60.40%,"2,937",66.90%,"6,365",61.60%,599,63.30%,990,43.10%,367,62.30%,136,57.60%
            Civilian labor force,"8,024",70.30%,"7,738",60.80%,"1,391",70.30%,"5,378",65.50%,"6,734",62.00%,"2,202",63.20%,"4,722",52.60%,"5,044",58.80%,"1,394",61.20%,751,58.40%,"8,669",55.30%,"4,690",68.40%,"3,406",52.40%,"1,466",53.50%,"5,626",68.80%,"4,895",60.60%,840,66.60%,"2,583",59.60%,"6,479",61.20%,"5,415",70.30%,"6,195",66.70%,256,49.50%,32,100.00%,0,-,"2,252",86.10%,"2,619",67.50%,"2,880",67.90%,"2,697",61.50%,"4,864",66.10%,"5,434",73.80%,"2,805",70.40%,"3,358",70.80%,"8,073",70.50%,126,78.80%,"2,179",57.10%,"2,065",54.10%,342,42.70%,"1,090",47.30%,"4,363",59.30%,"2,566",48.10%,"2,049",58.60%,"4,418",51.20%,"6,986",68.70%,"3,155",59.80%,"10,188",65.90%,"5,902",66.70%,424,60.40%,"2,937",66.90%,"6,365",61.60%,599,63.30%,990,43.10%,367,62.30%,136,57.60%
                Employed,"7,761",68.00%,"7,444",58.50%,"1,378",69.70%,"5,199",63.30%,"6,330",58.30%,"2,111",60.60%,"4,321",48.10%,"4,820",56.20%,"1,362",59.80%,714,55.60%,"8,004",51.00%,"4,481",65.30%,"3,107",47.80%,"1,415",51.60%,"5,163",63.10%,"4,800",59.50%,830,65.80%,"2,461",56.80%,"6,384",60.40%,"5,324",69.20%,"6,050",65.20%,254,49.10%,32,100.00%,0,-,"2,191",83.70%,"2,451",63.10%,"2,753",64.90%,"2,660",60.70%,"4,697",63.80%,"5,209",70.70%,"2,780",69.80%,"3,315",69.90%,"7,832",68.40%,126,78.80%,"2,043",53.60%,"1,939",50.80%,309,38.60%,998,43.30%,"3,647",49.60%,"2,385",44.70%,"1,957",56.00%,"4,215",48.90%,"6,656",65.50%,"2,716",51.40%,"9,950",64.40%,"5,319",60.10%,383,54.60%,"2,698",61.50%,"6,183",59.80%,598,63.10%,972,42.30%,367,62.30%,61,25.80%
    Own children of the householder under 6 years,"2,602","2,602","2,506","2,506",359,359,"1,520","1,520","2,089","2,089",549,549,"1,262","1,262","1,417","1,417",479,479,253,253,"2,386","2,386","2,080","2,080",756,756,676,676,"1,464","1,464","1,446","1,446",194,194,841,841,"1,748","1,748","1,340","1,340","1,679","1,679",42,42,0,0,0,0,36,36,"1,038","1,038",531,531,612,612,966,966,597,597,135,135,"1,206","1,206","1,682","1,682",26,26,705,705,"1,098","1,098",319,319,306,306,"1,643","1,643","1,072","1,072",727,727,"1,439","1,439","1,983","1,983",872,872,"2,538","2,538","2,336","2,336",174,174,919,919,"1,652","1,652",166,166,204,204,87,87,38,38
        All parents in family in labor force,"1,725",66.30%,"1,880",75.00%,264,73.50%,974,64.10%,"1,466",70.20%,412,75.00%,859,68.10%,923,65.10%,433,90.40%,216,85.40%,"1,658",69.50%,"1,648",79.20%,598,79.10%,368,54.40%,935,63.90%,940,65.00%,143,73.70%,470,55.90%,"1,084",62.00%,"1,038",77.50%,"1,305",77.70%,9,21.40%,0,-,0,-,0,0.00%,803,77.40%,269,50.70%,536,87.60%,794,82.20%,489,81.90%,100,74.10%,967,80.20%,"1,420",84.40%,26,100.00%,430,61.00%,774,70.50%,98,30.70%,169,55.20%,"1,078",65.60%,557,52.00%,490,67.40%,"1,013",70.40%,"1,616",81.50%,623,71.40%,"1,938",76.40%,"1,965",84.10%,148,85.10%,697,75.80%,"1,144",69.20%,52,31.30%,169,82.80%,87,100.00%,12,31.60%
    Own children of the householder 6 to 17 years,"4,742","4,742","5,366","5,366",663,663,"4,516","4,516","3,469","3,469","1,460","1,460","2,359","2,359","3,374","3,374","1,304","1,304",358,358,"4,863","4,863","3,497","3,497","1,662","1,662","1,147","1,147","3,516","3,516","3,758","3,758",432,432,"1,702","1,702","4,128","4,128","3,939","3,939","4,112","4,112",247,247,0,0,0,0,0,0,"1,098","1,098",791,791,"1,034","1,034","1,984","1,984",529,529,542,542,"2,224","2,224","2,209","2,209",42,42,"2,274","2,274","2,131","2,131",565,565,"1,271","1,271","2,969","2,969","2,190","2,190","1,310","1,310","2,856","2,856","2,396","2,396","1,912","1,912","5,825","5,825","3,641","3,641",274,274,"1,149","1,149","3,029","3,029",420,420,504,504,74,74,229,229
        All parents in family in labor force,"4,008",84.50%,"3,980",74.20%,451,68.00%,"3,760",83.30%,"2,602",75.00%,"1,092",74.80%,"1,674",71.00%,"2,047",60.70%,932,71.50%,258,72.10%,"3,771",77.50%,"2,863",81.90%,"1,358",81.70%,789,68.80%,"2,867",81.50%,"2,601",69.20%,389,90.00%,"1,294",76.00%,"3,013",73.00%,"3,515",89.20%,"3,316",80.60%,198,80.20%,0,-,0,-,0,-,930,84.70%,475,60.10%,874,84.50%,"1,771",89.30%,440,83.20%,375,69.20%,"1,735",78.00%,"1,807",81.80%,42,100.00%,"1,418",62.40%,"1,269",59.50%,193,34.20%,841,66.20%,"2,004",67.50%,"1,648",75.30%,"1,044",79.70%,"2,073",72.60%,"1,947",81.30%,"1,412",73.80%,"4,835",83.00%,"2,867",78.70%,274,100.00%,894,77.80%,"2,405",79.40%,351,83.60%,393,78.00%,68,91.90%,222,96.90%
COMMUTING TO WORK,,,,,,,,,,,,,,,,,,,,,,,,,,,,,,,,,,,,,,,,,,,,,,,,,,,,,,,,,,,,,,,,,,,,,,,,,,,,,,,,,,,,,,,,,,,,,,,,,,,,,,,,,,
    Workers 16 years and over,"14,285","14,285","15,489","15,489","2,443","2,443","11,046","11,046","12,562","12,562","4,735","4,735","9,636","9,636","10,621","10,621","2,513","2,513","1,377","1,377","17,175","17,175","8,299","8,299","6,540","6,540","3,102","3,102","11,211","11,211","9,709","9,709","1,621","1,621","5,712","5,712","12,629","12,629","9,880","9,880","12,850","12,850",648,648,65,65,0,0,"4,503","4,503","5,514","5,514","5,770","5,770","5,333","5,333","9,491","9,491","11,887","11,887","5,504","5,504","6,789","6,789","14,671","14,671",377,377,"4,723","4,723","4,614","4,614",756,756,"2,358","2,358","6,720","6,720","4,622","4,622","3,740","3,740","7,886","7,886","11,843","11,843","4,937","4,937","19,310","19,310","10,396","10,396",762,762,"5,266","5,266","12,176","12,176","1,127","1,127","2,157","2,157",649,649,85,85
"        Car, truck, or van -- drove alone","11,701",81.90%,"12,500",80.70%,"2,077",85.00%,"8,740",79.10%,"9,298",74.00%,"3,617",76.40%,"8,116",84.20%,"8,674",81.70%,"1,919",76.40%,"1,238",89.90%,"14,302",83.30%,"7,092",85.50%,"5,630",86.10%,"2,619",84.40%,"8,637",77.00%,"7,465",76.90%,"1,267",78.20%,"4,653",81.50%,"9,774",77.40%,"7,319",74.10%,"10,131",78.80%,462,71.30%,33,50.80%,0,-,"2,817",62.60%,"3,494",63.40%,"3,978",68.90%,"3,208",60.20%,"7,169",75.50%,"8,105",68.20%,"4,091",74.30%,"4,843",71.30%,"11,588",79.00%,278,73.70%,"3,339",70.70%,"3,381",73.30%,445,58.90%,"1,838",77.90%,"4,558",67.80%,"3,348",72.40%,"2,696",72.10%,"6,094",77.30%,"8,433",71.20%,"3,642",73.80%,"15,631",80.90%,"8,171",78.60%,706,92.70%,"4,374",83.10%,"9,588",78.70%,845,75.00%,"1,596",74.00%,579,89.20%,42,49.40%
"        Car, truck, or van -- carpooled",826,5.80%,865,5.60%,115,4.70%,444,4.00%,"1,351",10.80%,145,3.10%,803,8.30%,"1,103",10.40%,326,13.00%,71,5.20%,959,5.60%,404,4.90%,223,3.40%,227,7.30%,"1,104",9.80%,417,4.30%,29,1.80%,378,6.60%,576,4.60%,514,5.20%,426,3.30%,24,3.70%,0,0.00%,0,-,110,2.40%,466,8.50%,382,6.60%,574,10.80%,416,4.40%,312,2.60%,144,2.60%,270,4.00%,522,3.60%,52,13.80%,698,14.80%,534,11.60%,144,19.00%,238,10.10%,"1,083",16.10%,413,8.90%,516,13.80%,571,7.20%,852,7.20%,466,9.40%,"1,187",6.10%,822,7.90%,0,0.00%,202,3.80%,910,7.50%,68,6.00%,143,6.60%,10,1.50%,0,0.00%
        Public transportation (excluding taxicab),24,0.20%,45,0.30%,17,0.70%,0,0.00%,38,0.30%,27,0.60%,72,0.70%,33,0.30%,28,1.10%,0,0.00%,38,0.20%,0,0.00%,0,0.00%,0,0.00%,31,0.30%,41,0.40%,0,0.00%,1,0.00%,0,0.00%,0,0.00%,4,0.00%,0,0.00%,0,0.00%,0,-,80,1.80%,320,5.80%,149,2.60%,531,10.00%,280,3.00%,226,1.90%,18,0.30%,35,0.50%,98,0.70%,0,0.00%,145,3.10%,220,4.80%,98,13.00%,48,2.00%,638,9.50%,338,7.30%,107,2.90%,493,6.30%,367,3.10%,286,5.80%,233,1.20%,323,3.10%,0,0.00%,0,0.00%,295,2.40%,0,0.00%,0,0.00%,11,1.70%,34,40.00%
        Walked,53,0.40%,94,0.60%,54,2.20%,26,0.20%,163,1.30%,29,0.60%,101,1.00%,35,0.30%,0,0.00%,27,2.00%,89,0.50%,6,0.10%,26,0.40%,0,0.00%,166,1.50%,1,0.00%,0,0.00%,57,1.00%,28,0.20%,89,0.90%,65,0.50%,7,1.10%,0,0.00%,0,-,393,8.70%,242,4.40%,449,7.80%,43,0.80%,358,3.80%,574,4.80%,364,6.60%,49,0.70%,146,1.00%,0,0.00%,50,1.10%,174,3.80%,37,4.90%,0,0.00%,59,0.90%,98,2.10%,0,0.00%,13,0.20%,155,1.30%,41,0.80%,202,1.00%,41,0.40%,7,0.90%,69,1.30%,37,0.30%,15,1.30%,35,1.60%,0,0.00%,9,10.60%
        Other means,155,1.10%,128,0.80%,24,1.00%,51,0.50%,349,2.80%,362,7.60%,98,1.00%,143,1.30%,15,0.60%,0,0.00%,113,0.70%,9,0.10%,30,0.50%,1,0.00%,21,0.20%,89,0.90%,25,1.50%,86,1.50%,53,0.40%,48,0.50%,182,1.40%,20,3.10%,0,0.00%,0,-,48,1.10%,174,3.20%,82,1.40%,228,4.30%,89,0.90%,161,1.40%,47,0.90%,149,2.20%,111,0.80%,0,0.00%,123,2.60%,131,2.80%,6,0.80%,12,0.50%,49,0.70%,192,4.20%,114,3.00%,346,4.40%,365,3.10%,127,2.60%,201,1.00%,91,0.90%,0,0.00%,14,0.30%,290,2.40%,0,0.00%,24,1.10%,0,0.00%,0,0.00%
        Worked from home,"1,526",10.70%,"1,857",12.00%,156,6.40%,"1,785",16.20%,"1,363",10.90%,555,11.70%,446,4.60%,633,6.00%,225,9.00%,41,3.00%,"1,674",9.70%,788,9.50%,631,9.60%,255,8.20%,"1,252",11.20%,"1,696",17.50%,300,18.50%,537,9.40%,"2,198",17.40%,"1,910",19.30%,"2,042",15.90%,135,20.80%,32,49.20%,0,-,"1,055",23.40%,818,14.80%,730,12.70%,749,14.00%,"1,179",12.40%,"2,509",21.10%,840,15.30%,"1,443",21.30%,"2,206",15.00%,47,12.50%,368,7.80%,174,3.80%,26,3.40%,222,9.40%,333,5.00%,233,5.00%,307,8.20%,369,4.70%,"1,671",14.10%,375,7.60%,"1,856",9.60%,948,9.10%,49,6.40%,607,11.50%,"1,056",8.70%,199,17.70%,359,16.60%,49,7.60%,0,0.00%
        Mean travel time to work (minutes),25.3,(X),26.3,(X),26,(X),26.1,(X),22.3,(X),26.8,(X),23.7,(X),23,(X),24.7,(X),23.8,(X),24.2,(X),26.4,(X),22.8,(X),28.8,(X),24.5,(X),23.9,(X),30.7,(X),29,(X),28.2,(X),29.5,(X),25.7,(X),28.3,(X),10.2,(X),-,(X),19,(X),19.9,(X),18.4,(X),20.9,(X),18.2,(X),18.1,(X),19.9,(X),17.9,(X),21.7,(X),24.2,(X),22,(X),22,(X),26.3,(X),22,(X),24,(X),20.8,(X),24.9,(X),20.9,(X),23,(X),23.2,(X),23.5,(X),23.8,(X),20,(X),23.1,(X),24.1,(X),33.3,(X),20.4,(X),19.8,(X),N,(X)
OCCUPATION,,,,,,,,,,,,,,,,,,,,,,,,,,,,,,,,,,,,,,,,,,,,,,,,,,,,,,,,,,,,,,,,,,,,,,,,,,,,,,,,,,,,,,,,,,,,,,,,,,,,,,,,,,
    Civilian employed population 16 years and over,"14,681","14,681","15,690","15,690","2,483","2,483","11,157","11,157","12,784","12,784","4,773","4,773","9,714","9,714","10,915","10,915","2,619","2,619","1,393","1,393","17,253","17,253","8,422","8,422","6,745","6,745","3,102","3,102","11,310","11,310","9,820","9,820","1,637","1,637","5,879","5,879","12,705","12,705","10,102","10,102","12,861","12,861",661,661,65,65,0,0,"4,514","4,514","5,513","5,513","5,786","5,786","5,372","5,372","9,771","9,771","12,013","12,013","5,600","5,600","6,832","6,832","15,007","15,007",377,377,"4,812","4,812","4,680","4,680",767,767,"2,365","2,365","7,005","7,005","4,667","4,667","3,807","3,807","8,052","8,052","11,971","11,971","5,099","5,099","19,779","19,779","10,677","10,677",762,762,"5,384","5,384","12,403","12,403","1,135","1,135","2,198","2,198",649,649,85,85
"        Management, business, science, and arts occupations","5,538",37.70%,"5,891",37.50%,639,25.70%,"4,365",39.10%,"3,961",31.00%,"2,203",46.20%,"2,425",25.00%,"2,937",26.90%,452,17.30%,312,22.40%,"5,667",32.80%,"2,409",28.60%,"2,401",35.60%,750,24.20%,"4,514",39.90%,"5,285",53.80%,772,47.20%,"2,019",34.30%,"6,531",51.40%,"5,928",58.70%,"6,798",52.90%,190,28.70%,59,90.80%,0,-,"3,105",68.80%,"3,017",54.70%,"3,356",58.00%,"2,327",43.30%,"4,971",50.90%,"6,955",57.90%,"3,747",66.90%,"4,947",72.40%,"8,131",54.20%,93,24.70%,"1,276",26.50%,"1,217",26.00%,78,10.20%,329,13.90%,"1,516",21.60%,800,17.10%,800,21.00%,"1,664",20.70%,"5,180",43.30%,"1,428",28.00%,"5,913",29.90%,"3,436",32.20%,306,40.20%,"2,274",42.20%,"3,874",31.20%,533,47.00%,"1,205",54.80%,227,35.00%,34,40.00%
        Service occupations,"2,189",14.90%,"2,775",17.70%,376,15.10%,"1,580",14.20%,"2,983",23.30%,510,10.70%,"1,613",16.60%,"1,985",18.20%,578,22.10%,295,21.20%,"2,882",16.70%,"1,525",18.10%,"1,238",18.40%,441,14.20%,"1,587",14.00%,"1,262",12.90%,181,11.10%,876,14.90%,"1,221",9.60%,906,9.00%,"1,538",12.00%,83,12.60%,0,0.00%,0,-,290,6.40%,721,13.10%,573,9.90%,834,15.50%,"1,599",16.40%,"1,531",12.70%,561,10.00%,489,7.20%,"1,768",11.80%,62,16.40%,"1,234",25.60%,833,17.80%,264,34.40%,938,39.70%,"1,842",26.30%,"1,195",25.60%,764,20.10%,"1,852",23.00%,"2,493",20.80%,"1,251",24.50%,"3,667",18.50%,"2,553",23.90%,204,26.80%,834,15.50%,"2,006",16.20%,262,23.10%,227,10.30%,74,11.40%,24,28.20%
        Sales and office occupations,"4,078",27.80%,"3,932",25.10%,542,21.80%,"2,607",23.40%,"2,694",21.10%,"1,035",21.70%,"2,194",22.60%,"1,976",18.10%,676,25.80%,339,24.30%,"3,681",21.30%,"1,919",22.80%,"1,599",23.70%,889,28.70%,"2,574",22.80%,"2,026",20.60%,299,18.30%,"1,156",19.70%,"2,704",21.30%,"2,398",23.70%,"2,548",19.80%,157,23.80%,6,9.20%,0,-,751,16.60%,"1,129",20.50%,997,17.20%,"1,195",22.20%,"1,827",18.70%,"2,248",18.70%,"1,031",18.40%,"1,227",18.00%,"3,111",20.70%,123,32.60%,909,18.90%,894,19.10%,201,26.20%,196,8.30%,"1,286",18.40%,"1,008",21.60%,"1,033",27.10%,"1,561",19.40%,"2,449",20.50%,910,17.80%,"4,771",24.10%,"2,309",21.60%,103,13.50%,"1,381",25.70%,"3,307",26.70%,265,23.30%,403,18.30%,206,31.70%,19,22.40%
"        Natural resources, construction, and maintenance occupations","1,252",8.50%,"1,247",7.90%,253,10.20%,"1,313",11.80%,974,7.60%,583,12.20%,"1,179",12.10%,"1,481",13.60%,316,12.10%,132,9.50%,"1,865",10.80%,966,11.50%,561,8.30%,407,13.10%,"1,570",13.90%,322,3.30%,277,16.90%,868,14.80%,603,4.70%,435,4.30%,833,6.50%,120,18.20%,0,0.00%,0,-,88,1.90%,212,3.80%,291,5.00%,221,4.10%,533,5.50%,568,4.70%,114,2.00%,63,0.90%,692,4.60%,52,13.80%,479,10.00%,661,14.10%,69,9.00%,400,16.90%,822,11.70%,622,13.30%,276,7.20%,939,11.70%,426,3.60%,368,7.20%,"2,036",10.30%,739,6.90%,112,14.70%,297,5.50%,806,6.50%,11,1.00%,127,5.80%,23,3.50%,0,0.00%
"        Production, transportation, and material moving occupations","1,624",11.10%,"1,845",11.80%,673,27.10%,"1,292",11.60%,"2,172",17.00%,442,9.30%,"2,303",23.70%,"2,536",23.20%,597,22.80%,315,22.60%,"3,158",18.30%,"1,603",19.00%,946,14.00%,615,19.80%,"1,065",9.40%,925,9.40%,108,6.60%,960,16.30%,"1,646",13.00%,435,4.30%,"1,144",8.90%,111,16.80%,0,0.00%,0,-,280,6.20%,434,7.90%,569,9.80%,795,14.80%,841,8.60%,711,5.90%,147,2.60%,106,1.60%,"1,305",8.70%,47,12.50%,914,19.00%,"1,075",23.00%,155,20.20%,502,21.20%,"1,539",22.00%,"1,042",22.30%,934,24.50%,"2,036",25.30%,"1,423",11.90%,"1,142",22.40%,"3,392",17.10%,"1,640",15.40%,37,4.90%,598,11.10%,"2,410",19.40%,64,5.60%,236,10.70%,119,18.30%,8,9.40%
INDUSTRY,,,,,,,,,,,,,,,,,,,,,,,,,,,,,,,,,,,,,,,,,,,,,,,,,,,,,,,,,,,,,,,,,,,,,,,,,,,,,,,,,,,,,,,,,,,,,,,,,,,,,,,,,,
    Civilian employed population 16 years and over,"14,681","14,681","15,690","15,690","2,483","2,483","11,157","11,157","12,784","12,784","4,773","4,773","9,714","9,714","10,915","10,915","2,619","2,619","1,393","1,393","17,253","17,253","8,422","8,422","6,745","6,745","3,102","3,102","11,310","11,310","9,820","9,820","1,637","1,637","5,879","5,879","12,705","12,705","10,102","10,102","12,861","12,861",661,661,65,65,0,0,"4,514","4,514","5,513","5,513","5,786","5,786","5,372","5,372","9,771","9,771","12,013","12,013","5,600","5,600","6,832","6,832","15,007","15,007",377,377,"4,812","4,812","4,680","4,680",767,767,"2,365","2,365","7,005","7,005","4,667","4,667","3,807","3,807","8,052","8,052","11,971","11,971","5,099","5,099","19,779","19,779","10,677","10,677",762,762,"5,384","5,384","12,403","12,403","1,135","1,135","2,198","2,198",649,649,85,85
"        Agriculture, forestry, fishing and hunting, and mining",26,0.20%,101,0.60%,48,1.90%,76,0.70%,37,0.30%,116,2.40%,38,0.40%,44,0.40%,0,0.00%,0,0.00%,27,0.20%,22,0.30%,0,0.00%,17,0.50%,34,0.30%,53,0.50%,10,0.60%,45,0.80%,23,0.20%,53,0.50%,42,0.30%,70,10.60%,0,0.00%,0,-,9,0.20%,35,0.60%,0,0.00%,41,0.80%,0,0.00%,18,0.10%,13,0.20%,0,0.00%,26,0.20%,0,0.00%,93,1.90%,112,2.40%,0,0.00%,11,0.50%,37,0.50%,17,0.40%,0,0.00%,34,0.40%,0,0.00%,0,0.00%,62,0.30%,9,0.10%,0,0.00%,0,0.00%,64,0.50%,0,0.00%,0,0.00%,0,0.00%,0,0.00%
        Construction,750,5.10%,"1,278",8.10%,171,6.90%,"1,156",10.40%,761,6.00%,423,8.90%,929,9.60%,"1,046",9.60%,302,11.50%,144,10.30%,"1,367",7.90%,563,6.70%,437,6.50%,378,12.20%,"1,012",8.90%,383,3.90%,222,13.60%,770,13.10%,683,5.40%,432,4.30%,778,6.00%,85,12.90%,0,0.00%,0,-,103,2.30%,232,4.20%,361,6.20%,242,4.50%,673,6.90%,506,4.20%,202,3.60%,232,3.40%,564,3.80%,47,12.50%,359,7.50%,439,9.40%,77,10.00%,281,11.90%,694,9.90%,541,11.60%,185,4.90%,757,9.40%,445,3.70%,229,4.50%,"1,600",8.10%,581,5.40%,24,3.10%,309,5.70%,509,4.10%,104,9.20%,122,5.60%,32,4.90%,0,0.00%
        Manufacturing,"1,154",7.90%,"1,309",8.30%,257,10.40%,"1,083",9.70%,"1,372",10.70%,411,8.60%,"1,175",12.10%,"1,401",12.80%,308,11.80%,137,9.80%,"1,971",11.40%,828,9.80%,597,8.90%,370,11.90%,"1,240",11.00%,942,9.60%,155,9.50%,554,9.40%,854,6.70%,711,7.00%,"1,157",9.00%,136,20.60%,11,16.90%,0,-,282,6.20%,406,7.40%,531,9.20%,309,5.80%,480,4.90%,438,3.60%,373,6.70%,416,6.10%,726,4.80%,15,4.00%,377,7.80%,679,14.50%,91,11.90%,314,13.30%,944,13.50%,368,7.90%,272,7.10%,909,11.30%,878,7.30%,577,11.30%,"1,559",7.90%,843,7.90%,0,0.00%,365,6.80%,"1,303",10.50%,87,7.70%,193,8.80%,30,4.60%,8,9.40%
        Wholesale trade,491,3.30%,217,1.40%,35,1.40%,548,4.90%,298,2.30%,78,1.60%,251,2.60%,328,3.00%,21,0.80%,91,6.50%,777,4.50%,185,2.20%,101,1.50%,115,3.70%,437,3.90%,364,3.70%,18,1.10%,103,1.80%,381,3.00%,649,6.40%,287,2.20%,2,0.30%,0,0.00%,0,-,99,2.20%,99,1.80%,62,1.10%,34,0.60%,164,1.70%,307,2.60%,128,2.30%,205,3.00%,551,3.70%,0,0.00%,100,2.10%,139,3.00%,0,0.00%,50,2.10%,79,1.10%,71,1.50%,140,3.70%,66,0.80%,274,2.30%,91,1.80%,361,1.80%,226,2.10%,23,3.00%,123,2.30%,129,1.00%,39,3.40%,4,0.20%,0,0.00%,0,0.00%
        Retail trade,"1,692",11.50%,"2,392",15.20%,404,16.30%,"1,177",10.50%,"1,481",11.60%,390,8.20%,"1,545",15.90%,"1,226",11.20%,307,11.70%,114,8.20%,"1,956",11.30%,"1,231",14.60%,643,9.50%,402,13.00%,"1,613",14.30%,723,7.40%,163,10.00%,673,11.40%,"1,237",9.70%,885,8.80%,"1,294",10.10%,37,5.60%,6,9.20%,0,-,254,5.60%,596,10.80%,364,6.30%,653,12.20%,937,9.60%,910,7.60%,314,5.60%,462,6.80%,"1,607",10.70%,97,25.70%,623,12.90%,603,12.90%,119,15.50%,122,5.20%,499,7.10%,479,10.30%,585,15.40%,697,8.70%,918,7.70%,428,8.40%,"2,559",12.90%,962,9.00%,12,1.60%,823,15.30%,"1,734",14.00%,173,15.20%,333,15.20%,69,10.60%,0,0.00%
"        Transportation and warehousing, and utilities",975,6.60%,"1,037",6.60%,389,15.70%,567,5.10%,822,6.40%,419,8.80%,795,8.20%,"1,074",9.80%,225,8.60%,163,11.70%,"1,106",6.40%,875,10.40%,583,8.60%,256,8.30%,389,3.40%,451,4.60%,80,4.90%,326,5.50%,"1,084",8.50%,575,5.70%,412,3.20%,53,8.00%,0,0.00%,0,-,242,5.40%,251,4.60%,406,7.00%,342,6.40%,476,4.90%,428,3.60%,75,1.30%,151,2.20%,675,4.50%,8,2.10%,186,3.90%,422,9.00%,27,3.50%,124,5.20%,405,5.80%,568,12.20%,499,13.10%,719,8.90%,566,4.70%,455,8.90%,"2,127",10.80%,746,7.00%,30,3.90%,474,8.80%,753,6.10%,8,0.70%,14,0.60%,78,12.00%,0,0.00%
        Information,293,2.00%,209,1.30%,35,1.40%,231,2.10%,190,1.50%,105,2.20%,129,1.30%,88,0.80%,42,1.60%,18,1.30%,477,2.80%,107,1.30%,119,1.80%,13,0.40%,220,1.90%,221,2.30%,9,0.50%,73,1.20%,206,1.60%,274,2.70%,387,3.00%,0,0.00%,0,0.00%,0,-,53,1.20%,203,3.70%,140,2.40%,115,2.10%,260,2.70%,215,1.80%,109,1.90%,139,2.00%,391,2.60%,0,0.00%,37,0.80%,28,0.60%,16,2.10%,85,3.60%,68,1.00%,39,0.80%,83,2.20%,24,0.30%,158,1.30%,37,0.70%,434,2.20%,290,2.70%,23,3.00%,88,1.60%,348,2.80%,30,2.60%,21,1.00%,4,0.60%,0,0.00%
"        Finance and insurance, and real estate and rental and leasing","1,102",7.50%,"1,100",7.00%,113,4.60%,817,7.30%,757,5.90%,427,8.90%,498,5.10%,656,6.00%,110,4.20%,60,4.30%,"1,485",8.60%,435,5.20%,515,7.60%,102,3.30%,805,7.10%,"1,027",10.50%,127,7.80%,330,5.60%,"1,196",9.40%,"1,315",13.00%,"1,536",11.90%,58,8.80%,0,0.00%,0,-,532,11.80%,366,6.60%,599,10.40%,297,5.50%,657,6.70%,"1,313",10.90%,672,12.00%,707,10.30%,"1,631",10.90%,5,1.30%,169,3.50%,254,5.40%,59,7.70%,0,0.00%,297,4.20%,191,4.10%,220,5.80%,253,3.10%,"1,016",8.50%,268,5.30%,"1,454",7.40%,812,7.60%,21,2.80%,443,8.20%,848,6.80%,171,15.10%,209,9.50%,156,24.00%,0,0.00%
"        Professional, scientific, and management, and administrative and waste management services","1,620",11.00%,"1,848",11.80%,237,9.50%,"1,214",10.90%,"1,468",11.50%,844,17.70%,583,6.00%,"1,026",9.40%,303,11.60%,166,11.90%,"1,975",11.40%,684,8.10%,592,8.80%,271,8.70%,"1,246",11.00%,"1,259",12.80%,166,10.10%,729,12.40%,"1,627",12.80%,"1,249",12.40%,"1,812",14.10%,22,3.30%,48,73.80%,0,-,"1,295",28.70%,"1,285",23.30%,"1,044",18.00%,839,15.60%,"1,408",14.40%,"2,714",22.60%,"1,262",22.50%,"1,852",27.10%,"2,832",18.90%,11,2.90%,675,14.00%,466,10.00%,110,14.30%,321,13.60%,"1,179",16.80%,284,6.10%,262,6.90%,"1,035",12.90%,"1,525",12.70%,625,12.30%,"1,851",9.40%,"1,241",11.60%,64,8.40%,726,13.50%,"1,176",9.50%,77,6.80%,316,14.40%,64,9.90%,15,17.60%
"        Educational services, and health care and social assistance","3,250",22.10%,"3,190",20.30%,502,20.20%,"2,447",21.90%,"2,978",23.30%,816,17.10%,"1,766",18.20%,"2,249",20.60%,429,16.40%,236,16.90%,"3,306",19.20%,"2,113",25.10%,"1,783",26.40%,731,23.60%,"2,401",21.20%,"2,615",26.60%,373,22.80%,"1,021",17.40%,"3,417",26.90%,"2,339",23.20%,"2,962",23.00%,119,18.00%,0,0.00%,0,-,875,19.40%,"1,064",19.30%,"1,337",23.10%,"1,446",26.90%,"2,686",27.50%,"2,569",21.40%,"1,593",28.40%,"1,794",26.30%,"3,218",21.40%,85,22.50%,841,17.50%,461,9.90%,92,12.00%,294,12.40%,"1,360",19.40%,"1,248",26.70%,781,20.50%,"2,146",26.70%,"3,706",31.00%,"1,242",24.40%,"3,859",19.50%,"2,865",26.80%,200,26.20%,"1,045",19.40%,"2,376",19.20%,158,13.90%,520,23.70%,115,17.70%,9,10.60%
"        Arts, entertainment, and recreation, and accommodation and food services","1,203",8.20%,"1,318",8.40%,123,5.00%,925,8.30%,"1,397",10.90%,331,6.90%,851,8.80%,964,8.80%,283,10.80%,157,11.30%,"1,502",8.70%,721,8.60%,674,10.00%,172,5.50%,966,8.50%,573,5.80%,93,5.70%,597,10.20%,"1,040",8.20%,574,5.70%,880,6.80%,29,4.40%,0,0.00%,0,-,453,10.00%,601,10.90%,545,9.40%,663,12.30%,"1,265",12.90%,"1,569",13.10%,558,10.00%,326,4.80%,"1,136",7.60%,43,11.40%,890,18.50%,556,11.90%,119,15.50%,685,29.00%,762,10.90%,551,11.80%,397,10.40%,866,10.80%,"1,278",10.70%,589,11.60%,"1,570",7.90%,994,9.30%,146,19.20%,444,8.20%,"1,362",11.00%,67,5.90%,112,5.10%,14,2.20%,19,22.40%
"        Other services, except public administration","1,013",6.90%,762,4.90%,102,4.10%,429,3.80%,843,6.60%,167,3.50%,468,4.80%,475,4.40%,202,7.70%,13,0.90%,726,4.20%,288,3.40%,254,3.80%,182,5.90%,556,4.90%,565,5.80%,93,5.70%,298,5.10%,500,3.90%,580,5.70%,690,5.40%,25,3.80%,0,0.00%,0,-,55,1.20%,187,3.40%,249,4.30%,196,3.60%,478,4.90%,497,4.10%,234,4.20%,245,3.60%,969,6.50%,26,6.90%,275,5.70%,405,8.70%,26,3.40%,78,3.30%,291,4.20%,194,4.20%,189,5.00%,172,2.10%,703,5.90%,269,5.30%,"1,206",6.10%,377,3.50%,7,0.90%,280,5.20%,642,5.20%,106,9.30%,235,10.70%,50,7.70%,34,40.00%
        Public administration,"1,112",7.60%,929,5.90%,67,2.70%,487,4.40%,380,3.00%,246,5.20%,686,7.10%,338,3.10%,87,3.30%,94,6.70%,578,3.40%,370,4.40%,447,6.60%,93,3.00%,391,3.50%,644,6.60%,128,7.80%,360,6.10%,457,3.60%,466,4.60%,624,4.90%,25,3.80%,0,0.00%,0,-,262,5.80%,188,3.40%,148,2.60%,195,3.60%,287,2.90%,529,4.40%,67,1.20%,303,4.40%,681,4.50%,40,10.60%,187,3.90%,116,2.50%,31,4.00%,0,0.00%,390,5.60%,116,2.50%,194,5.10%,374,4.60%,504,4.20%,289,5.70%,"1,137",5.70%,731,6.80%,212,27.80%,264,4.90%,"1,159",9.30%,115,10.10%,119,5.40%,37,5.70%,0,0.00%
CLASS OF WORKER,,,,,,,,,,,,,,,,,,,,,,,,,,,,,,,,,,,,,,,,,,,,,,,,,,,,,,,,,,,,,,,,,,,,,,,,,,,,,,,,,,,,,,,,,,,,,,,,,,,,,,,,,,
    Civilian employed population 16 years and over,"14,681","14,681","15,690","15,690","2,483","2,483","11,157","11,157","12,784","12,784","4,773","4,773","9,714","9,714","10,915","10,915","2,619","2,619","1,393","1,393","17,253","17,253","8,422","8,422","6,745","6,745","3,102","3,102","11,310","11,310","9,820","9,820","1,637","1,637","5,879","5,879","12,705","12,705","10,102","10,102","12,861","12,861",661,661,65,65,0,0,"4,514","4,514","5,513","5,513","5,786","5,786","5,372","5,372","9,771","9,771","12,013","12,013","5,600","5,600","6,832","6,832","15,007","15,007",377,377,"4,812","4,812","4,680","4,680",767,767,"2,365","2,365","7,005","7,005","4,667","4,667","3,807","3,807","8,052","8,052","11,971","11,971","5,099","5,099","19,779","19,779","10,677","10,677",762,762,"5,384","5,384","12,403","12,403","1,135","1,135","2,198","2,198",649,649,85,85
        Private wage and salary workers,"11,588",78.90%,"12,395",79.00%,"1,939",78.10%,"9,420",84.40%,"10,778",84.30%,"3,926",82.30%,"8,132",83.70%,"9,640",88.30%,"2,316",88.40%,"1,180",84.70%,"14,689",85.10%,"7,156",85.00%,"5,354",79.40%,"2,531",81.60%,"9,367",82.80%,"7,776",79.20%,"1,172",71.60%,"4,584",78.00%,"10,600",83.40%,"8,202",81.20%,"10,782",83.80%,485,73.40%,65,100.00%,0,-,"3,653",80.90%,"4,861",88.20%,"5,010",86.60%,"4,377",81.50%,"8,124",83.10%,"10,085",84.00%,"4,769",85.20%,"5,505",80.60%,"12,234",81.50%,283,75.10%,"4,047",84.10%,"3,953",84.50%,674,87.90%,"2,201",93.10%,"5,885",84.00%,"4,166",89.30%,"3,207",84.20%,"6,744",83.80%,"10,002",83.60%,"4,281",84.00%,"15,781",79.80%,"8,716",81.60%,525,68.90%,"4,521",84.00%,"10,176",82.00%,936,82.50%,"1,700",77.30%,569,87.70%,68,80.00%
        Government workers,"2,509",17.10%,"2,251",14.30%,468,18.80%,"1,326",11.90%,"1,383",10.80%,577,12.10%,"1,258",13.00%,704,6.40%,177,6.80%,161,11.60%,"1,799",10.40%,960,11.40%,"1,229",18.20%,328,10.60%,"1,361",12.00%,"1,406",14.30%,303,18.50%,928,15.80%,"1,376",10.80%,"1,504",14.90%,"1,375",10.70%,85,12.90%,0,0.00%,0,-,641,14.20%,458,8.30%,581,10.00%,675,12.60%,"1,026",10.50%,"1,270",10.60%,575,10.30%,732,10.70%,"1,699",11.30%,62,16.40%,449,9.30%,280,6.00%,47,6.10%,62,2.60%,816,11.60%,348,7.50%,490,12.90%,"1,018",12.60%,"1,351",11.30%,696,13.60%,"3,026",15.30%,"1,524",14.30%,225,29.50%,529,9.80%,"1,712",13.80%,178,15.70%,203,9.20%,46,7.10%,17,20.00%
        Self-employed in own not incorporated business workers,584,4.00%,"1,016",6.50%,76,3.10%,376,3.40%,616,4.80%,270,5.70%,317,3.30%,571,5.20%,70,2.70%,52,3.70%,765,4.40%,306,3.60%,162,2.40%,243,7.80%,576,5.10%,638,6.50%,162,9.90%,367,6.20%,682,5.40%,374,3.70%,691,5.40%,91,13.80%,0,0.00%,0,-,220,4.90%,183,3.30%,190,3.30%,320,6.00%,591,6.00%,639,5.30%,246,4.40%,585,8.60%,"1,036",6.90%,32,8.50%,291,6.00%,447,9.60%,46,6.00%,102,4.30%,304,4.30%,145,3.10%,104,2.70%,276,3.40%,576,4.80%,122,2.40%,807,4.10%,428,4.00%,12,1.60%,334,6.20%,479,3.90%,21,1.90%,295,13.40%,34,5.20%,0,0.00%
        Unpaid family workers,0,0.00%,28,0.20%,0,0.00%,35,0.30%,7,0.10%,0,0.00%,7,0.10%,0,0.00%,56,2.10%,0,0.00%,0,0.00%,0,0.00%,0,0.00%,0,0.00%,6,0.10%,0,0.00%,0,0.00%,0,0.00%,47,0.40%,22,0.20%,13,0.10%,0,0.00%,0,0.00%,0,-,0,0.00%,11,0.20%,5,0.10%,0,0.00%,30,0.30%,19,0.20%,10,0.20%,10,0.10%,38,0.30%,0,0.00%,25,0.50%,0,0.00%,0,0.00%,0,0.00%,0,0.00%,8,0.20%,6,0.20%,14,0.20%,42,0.40%,0,0.00%,165,0.80%,9,0.10%,0,0.00%,0,0.00%,36,0.30%,0,0.00%,0,0.00%,0,0.00%,0,0.00%
INCOME AND BENEFITS (IN 2022 INFLATION-ADJUSTED DOLLARS),,,,,,,,,,,,,,,,,,,,,,,,,,,,,,,,,,,,,,,,,,,,,,,,,,,,,,,,,,,,,,,,,,,,,,,,,,,,,,,,,,,,,,,,,,,,,,,,,,,,,,,,,,
    Total households,"10,588","10,588","12,363","12,363","1,738","1,738","7,550","7,550","11,113","11,113","3,139","3,139","9,494","9,494","9,476","9,476","2,492","2,492","1,254","1,254","15,790","15,790","6,158","6,158","6,198","6,198","2,389","2,389","8,685","8,685","7,448","7,448","1,151","1,151","4,274","4,274","9,958","9,958","6,415","6,415","9,155","9,155",458,458,65,65,0,0,"4,052","4,052","5,340","5,340","5,069","5,069","4,696","4,696","7,620","7,620","10,661","10,661","4,921","4,921","4,753","4,753","12,779","12,779",297,297,"3,890","3,890","3,800","3,800",638,638,"2,056","2,056","7,279","7,279","5,241","5,241","3,457","3,457","8,574","8,574","9,697","9,697","4,828","4,828","15,369","15,369","8,878","8,878",707,707,"4,431","4,431","10,290","10,290",730,730,"2,038","2,038",730,730,165,165
"        Less than $10,000",230,2.20%,419,3.40%,35,2.00%,267,3.50%,749,6.70%,51,1.60%,717,7.60%,594,6.30%,172,6.90%,105,8.40%,416,2.60%,447,7.30%,208,3.40%,38,1.60%,262,3.00%,317,4.30%,34,3.00%,215,5.00%,167,1.70%,57,0.90%,97,1.10%,12,2.60%,0,0.00%,0,-,232,5.70%,752,14.10%,458,9.00%,701,14.90%,598,7.80%,628,5.90%,454,9.20%,80,1.70%,408,3.20%,0,0.00%,250,6.40%,363,9.60%,53,8.30%,340,16.50%,"1,376",18.90%,647,12.30%,297,8.60%,745,8.70%,487,5.00%,444,9.20%,642,4.20%,533,6.00%,71,10.00%,175,3.90%,626,6.10%,0,0.00%,32,1.60%,31,4.20%,88,53.30%
"        $10,000 to $14,999",103,1.00%,228,1.80%,36,2.10%,115,1.50%,478,4.30%,0,0.00%,580,6.10%,246,2.60%,208,8.30%,24,1.90%,653,4.10%,359,5.80%,71,1.10%,17,0.70%,306,3.50%,95,1.30%,60,5.20%,123,2.90%,88,0.90%,13,0.20%,262,2.90%,0,0.00%,16,24.60%,0,-,157,3.90%,189,3.50%,356,7.00%,480,10.20%,580,7.60%,743,7.00%,239,4.90%,9,0.20%,261,2.00%,16,5.40%,265,6.80%,271,7.10%,46,7.20%,152,7.40%,783,10.80%,530,10.10%,104,3.00%,827,9.60%,511,5.30%,374,7.70%,622,4.00%,300,3.40%,47,6.60%,95,2.10%,296,2.90%,0,0.00%,76,3.70%,52,7.10%,0,0.00%
"        $15,000 to $24,999",559,5.30%,954,7.70%,78,4.50%,178,2.40%,"1,142",10.30%,52,1.70%,"1,393",14.70%,"1,046",11.00%,409,16.40%,115,9.20%,"1,386",8.80%,462,7.50%,457,7.40%,143,6.00%,573,6.60%,96,1.30%,18,1.60%,228,5.30%,778,7.80%,108,1.70%,314,3.40%,43,9.40%,0,0.00%,0,-,218,5.40%,595,11.10%,467,9.20%,566,12.10%,679,8.90%,"1,046",9.80%,215,4.40%,59,1.20%,788,6.20%,0,0.00%,290,7.50%,451,11.90%,113,17.70%,271,13.20%,845,11.60%,985,18.80%,412,11.90%,"1,446",16.90%,837,8.60%,863,17.90%,"1,180",7.70%,792,8.90%,16,2.30%,462,10.40%,708,6.90%,9,1.20%,127,6.20%,8,1.10%,15,9.10%
"        $25,000 to $34,999",593,5.60%,599,4.80%,116,6.70%,265,3.50%,"1,397",12.60%,37,1.20%,"1,271",13.40%,905,9.60%,307,12.30%,188,15.00%,"1,208",7.70%,384,6.20%,669,10.80%,77,3.20%,541,6.20%,339,4.60%,23,2.00%,331,7.70%,453,4.50%,118,1.80%,394,4.30%,8,1.70%,0,0.00%,0,-,335,8.30%,523,9.80%,307,6.10%,299,6.40%,651,8.50%,879,8.20%,206,4.20%,141,3.00%,987,7.70%,11,3.70%,688,17.70%,583,15.30%,33,5.20%,330,16.10%,783,10.80%,742,14.20%,465,13.50%,"1,006",11.70%,929,9.60%,495,10.30%,"1,624",10.60%,981,11.00%,98,13.90%,485,10.90%,"1,392",13.50%,18,2.50%,76,3.70%,39,5.30%,43,26.10%
"        $35,000 to $49,999","1,069",10.10%,"1,419",11.50%,102,5.90%,571,7.60%,"1,676",15.10%,200,6.40%,"1,285",13.50%,"1,736",18.30%,346,13.90%,235,18.70%,"2,083",13.20%,610,9.90%,724,11.70%,207,8.70%,"1,225",14.10%,573,7.70%,89,7.70%,391,9.10%,813,8.20%,354,5.50%,611,6.70%,67,14.60%,17,26.20%,0,-,410,10.10%,565,10.60%,399,7.90%,501,10.70%,833,10.90%,982,9.20%,432,8.80%,172,3.60%,"1,293",10.10%,63,21.20%,854,22.00%,631,16.60%,150,23.50%,284,13.80%,"1,250",17.20%,652,12.40%,566,16.40%,"1,381",16.10%,"1,461",15.10%,760,15.70%,"1,767",11.50%,"1,498",16.90%,119,16.80%,608,13.70%,"1,893",18.40%,35,4.80%,159,7.80%,198,27.10%,0,0.00%
"        $50,000 to $74,999","1,971",18.60%,"2,222",18.00%,347,20.00%,"1,570",20.80%,"2,437",21.90%,409,13.00%,"1,371",14.40%,"2,367",25.00%,471,18.90%,318,25.40%,"3,468",22.00%,"1,245",20.20%,"1,123",18.10%,687,28.80%,"1,328",15.30%,903,12.10%,174,15.10%,721,16.90%,"1,498",15.00%,699,10.90%,"1,182",12.90%,76,16.60%,0,0.00%,0,-,"1,082",26.70%,733,13.70%,714,14.10%,644,13.70%,"1,308",17.20%,"2,163",20.30%,609,12.40%,324,6.80%,"2,632",20.60%,36,12.10%,612,15.70%,744,19.60%,118,18.50%,410,19.90%,922,12.70%,749,14.30%,509,14.70%,"1,270",14.80%,"1,505",15.50%,902,18.70%,"3,367",21.90%,"1,803",20.30%,163,23.10%,864,19.50%,"1,790",17.40%,138,18.90%,319,15.70%,135,18.50%,19,11.50%
"        $75,000 to $99,999","2,050",19.40%,"1,620",13.10%,334,19.20%,"1,526",20.20%,"1,113",10.00%,535,17.00%,"1,411",14.90%,"1,045",11.00%,310,12.40%,82,6.50%,"2,410",15.30%,747,12.10%,"1,017",16.40%,405,17.00%,"1,283",14.80%,"1,018",13.70%,145,12.60%,638,14.90%,"1,168",11.70%,673,10.50%,"1,419",15.50%,74,16.20%,32,49.20%,0,-,473,11.70%,462,8.70%,745,14.70%,470,10.00%,991,13.00%,"1,308",12.30%,457,9.30%,337,7.10%,"2,024",15.80%,50,16.80%,492,12.60%,347,9.10%,38,6.00%,45,2.20%,481,6.60%,399,7.60%,584,16.90%,672,7.80%,"1,266",13.10%,508,10.50%,"1,996",13.00%,"1,180",13.30%,36,5.10%,627,14.20%,"1,389",13.50%,101,13.80%,323,15.80%,39,5.30%,0,0.00%
"        $100,000 to $149,999","2,029",19.20%,"2,468",20.00%,438,25.20%,"1,606",21.30%,"1,298",11.70%,827,26.30%,775,8.20%,"1,104",11.70%,99,4.00%,134,10.70%,"2,804",17.80%,"1,233",20.00%,"1,239",20.00%,547,22.90%,"1,773",20.40%,"1,332",17.90%,252,21.90%,926,21.70%,"1,885",18.90%,"1,685",26.30%,"2,190",23.90%,157,34.30%,0,0.00%,0,-,618,15.30%,971,18.20%,830,16.40%,453,9.60%,967,12.70%,"1,411",13.20%,945,19.20%,827,17.40%,"2,332",18.20%,99,33.30%,223,5.70%,273,7.20%,27,4.20%,211,10.30%,657,9.00%,316,6.00%,367,10.60%,817,9.50%,"1,686",17.40%,369,7.60%,"2,798",18.20%,"1,053",11.90%,70,9.90%,663,15.00%,"1,330",12.90%,231,31.60%,425,20.90%,137,18.80%,0,0.00%
"        $150,000 to $199,999","1,082",10.20%,"1,528",12.40%,159,9.10%,787,10.40%,512,4.60%,486,15.50%,443,4.70%,396,4.20%,140,5.60%,26,2.10%,917,5.80%,388,6.30%,358,5.80%,242,10.10%,798,9.20%,"1,277",17.10%,205,17.80%,382,8.90%,"1,407",14.10%,"1,322",20.60%,"1,330",14.50%,9,2.00%,0,0.00%,0,-,272,6.70%,181,3.40%,320,6.30%,252,5.40%,500,6.60%,578,5.40%,418,8.50%,853,17.90%,"1,272",10.00%,22,7.40%,113,2.90%,99,2.60%,22,3.40%,13,0.60%,145,2.00%,165,3.10%,96,2.80%,338,3.90%,712,7.30%,113,2.30%,828,5.40%,580,6.50%,52,7.40%,379,8.60%,507,4.90%,129,17.70%,249,12.20%,72,9.90%,0,0.00%
"        $200,000 or more",902,8.50%,906,7.30%,93,5.40%,665,8.80%,311,2.80%,542,17.30%,248,2.60%,37,0.40%,30,1.20%,27,2.20%,445,2.80%,283,4.60%,332,5.40%,26,1.10%,596,6.90%,"1,498",20.10%,151,13.10%,319,7.50%,"1,701",17.10%,"1,386",21.60%,"1,356",14.80%,12,2.60%,0,0.00%,0,-,255,6.30%,369,6.90%,473,9.30%,330,7.00%,513,6.70%,923,8.70%,946,19.20%,"1,951",41.00%,782,6.10%,0,0.00%,103,2.60%,38,1.00%,38,6.00%,0,0.00%,37,0.50%,56,1.10%,57,1.60%,72,0.80%,303,3.10%,0,0.00%,545,3.50%,158,1.80%,35,5.00%,73,1.60%,359,3.50%,69,9.50%,252,12.40%,19,2.60%,0,0.00%
        Median household income (dollars),"83,205",(X),"79,973",(X),"86,543",(X),"88,169",(X),"50,873",(X),"114,688",(X),"43,208",(X),"52,789",(X),"42,101",(X),"48,039",(X),"66,447",(X),"68,333",(X),"70,644",(X),"75,494",(X),"76,437",(X),"114,231",(X),"111,510",(X),"83,125",(X),"100,432",(X),"133,533",(X),"107,677",(X),"76,797",(X),-,(X),-,(X),"62,935",(X),"52,576",(X),"68,836",(X),"43,456",(X),"55,726",(X),"60,330",(X),"91,438",(X),"176,006",(X),"75,207",(X),"94,659",(X),"42,976",(X),"39,885",(X),"39,135",(X),"31,952",(X),"32,928",(X),"31,701",(X),"46,465",(X),"38,976",(X),"59,226",(X),"40,095",(X),"64,289",(X),"54,766",(X),"50,391",(X),"62,746",(X),"53,226",(X),"105,957",(X),"93,493",(X),"60,313",(X),"2,500-",(X)
        Mean household income (dollars),"106,793",(X),"100,001",(X),"93,709",(X),"107,900",(X),"64,334",(X),"135,191",(X),"63,851",(X),"60,360",(X),"65,146",(X),"60,272",(X),"77,247",(X),"81,685",(X),"88,691",(X),"83,707",(X),"91,669",(X),"139,380",(X),"125,260",(X),"97,350",(X),"128,055",(X),"152,542",(X),"128,470",(X),"87,731",(X),"55,742",(X),-,(X),"83,063",(X),"72,015",(X),"98,291",(X),"69,515",(X),"80,574",(X),"84,478",(X),"140,745",(X),"220,032",(X),"91,489",(X),"83,508",(X),"59,780",(X),"50,653",(X),"56,539",(X),"41,309",(X),"43,395",(X),"47,545",(X),"67,280",(X),"52,129",(X),"76,640",(X),"48,962",(X),"75,093",(X),"66,922",(X),"76,681",(X),"73,492",(X),"69,700",(X),"127,460",(X),"120,748",(X),"78,215",(X),"16,896",(X)
        With earnings,"9,181",86.70%,"9,518",77.00%,"1,501",86.40%,"6,474",85.70%,"8,509",76.60%,"2,682",85.40%,"6,344",66.80%,"7,466",78.80%,"1,864",74.80%,887,70.70%,"11,652",73.80%,"5,138",83.40%,"4,184",67.50%,"1,919",80.30%,"7,451",85.80%,"6,137",82.40%,933,81.10%,"3,236",75.70%,"7,660",76.90%,"5,499",85.70%,"7,611",83.10%,392,85.60%,65,100.00%,0,-,"3,670",90.60%,"4,423",82.80%,"4,160",82.10%,"3,538",75.30%,"6,233",81.80%,"8,941",83.90%,"3,975",80.80%,"4,077",85.80%,"10,140",79.30%,274,92.30%,"3,282",84.40%,"3,133",82.40%,492,77.10%,"1,478",71.90%,"5,137",70.60%,"3,391",64.70%,"2,767",80.00%,"5,702",66.50%,"8,064",83.20%,"3,494",72.40%,"12,468",81.10%,"7,279",82.00%,480,67.90%,"3,599",81.20%,"8,112",78.80%,691,94.70%,"1,338",65.70%,489,67.00%,77,46.70%
            Mean earnings (dollars),"99,871",(X),"101,342",(X),"88,189",(X),"104,985",(X),"65,584",(X),"135,077",(X),"72,823",(X),"61,137",(X),"65,092",(X),"63,587",(X),"75,579",(X),"76,486",(X),"91,158",(X),"80,430",(X),"92,390",(X),"137,843",(X),"117,927",(X),"103,319",(X),"132,472",(X),"152,994",(X),"125,461",(X),"88,002",(X),"55,574",(X),-,(X),"82,982",(X),"78,601",(X),"100,545",(X),"77,380",(X),"85,917",(X),"89,240",(X),"132,568",(X),"217,399",(X),"91,897",(X),"85,162",(X),"57,624",(X),"52,147",(X),"62,823",(X),"47,340",(X),"47,363",(X),"48,834",(X),"67,778",(X),"57,631",(X),"75,677",(X),"52,818",(X),"74,073",(X),"66,125",(X),"90,668",(X),"73,350",(X),"69,280",(X),"122,350",(X),"128,354",(X),"76,898",(X),"18,703",(X)
        With Social Security,"2,495",23.60%,"4,018",32.50%,656,37.70%,"2,003",26.50%,"3,195",28.80%,601,19.10%,"3,754",39.50%,"2,802",29.60%,701,28.10%,503,40.10%,"6,361",40.30%,"1,645",26.70%,"2,399",38.70%,853,35.70%,"1,861",21.40%,"2,191",29.40%,400,34.80%,"1,404",32.80%,"3,349",33.60%,"1,580",24.60%,"2,493",27.20%,159,34.70%,0,0.00%,0,-,384,9.50%,528,9.90%,849,16.70%,"1,025",21.80%,"1,405",18.40%,"1,856",17.40%,"1,028",20.90%,"1,316",27.70%,"3,757",29.40%,14,4.70%,749,19.30%,853,22.40%,143,22.40%,569,27.70%,"2,411",33.10%,"2,100",40.10%,978,28.30%,"3,125",36.40%,"2,599",26.80%,"1,618",33.50%,"4,731",30.80%,"2,365",26.60%,197,27.90%,"1,119",25.30%,"3,030",29.40%,143,19.60%,"1,010",49.60%,254,34.80%,0,0.00%
            Mean Social Security income (dollars),"24,673",(X),"23,871",(X),"24,849",(X),"26,334",(X),"21,265",(X),"25,661",(X),"20,152",(X),"20,065",(X),"18,581",(X),"19,459",(X),"23,664",(X),"22,480",(X),"23,851",(X),"25,026",(X),"21,658",(X),"27,435",(X),"28,372",(X),"23,102",(X),"24,201",(X),"24,985",(X),"24,995",(X),"21,871",(X),-,(X),-,(X),"17,808",(X),"17,396",(X),"20,366",(X),"16,023",(X),"19,172",(X),"17,679",(X),"33,378",(X),"28,870",(X),"24,803",(X),N,(X),"15,688",(X),"15,077",(X),"21,818",(X),"13,804",(X),"14,558",(X),"14,999",(X),"18,803",(X),"19,015",(X),"20,929",(X),"16,539",(X),"20,543",(X),"19,264",(X),"23,588",(X),"22,468",(X),"22,677",(X),"15,836",(X),"25,261",(X),"26,559",(X),-,(X)
        With retirement income,"2,422",22.90%,"3,343",27.00%,555,31.90%,"1,614",21.40%,"2,516",22.60%,675,21.50%,"2,023",21.30%,"1,688",17.80%,499,20.00%,307,24.50%,"4,590",29.10%,"1,392",22.60%,"2,062",33.30%,702,29.40%,"1,620",18.70%,"2,324",31.20%,362,31.50%,"1,139",26.60%,"3,253",32.70%,"1,649",25.70%,"2,517",27.50%,91,19.90%,0,0.00%,0,-,382,9.40%,379,7.10%,480,9.50%,462,9.80%,"1,099",14.40%,895,8.40%,834,16.90%,"1,106",23.30%,"3,010",23.60%,11,3.70%,453,11.60%,479,12.60%,55,8.60%,265,12.90%,"1,144",15.70%,"1,227",23.40%,922,26.70%,"1,891",22.10%,"1,766",18.20%,956,19.80%,"3,723",24.20%,"1,855",20.90%,143,20.20%,870,19.60%,"2,440",23.70%,184,25.20%,744,36.50%,253,34.70%,0,0.00%
            Mean retirement income (dollars),"47,406",(X),"29,110",(X),"19,932",(X),"38,356",(X),"21,158",(X),"36,299",(X),"24,878",(X),"19,085",(X),"19,734",(X),"17,810",(X),"26,014",(X),"29,220",(X),"25,308",(X),"26,104",(X),"26,786",(X),"37,024",(X),"39,598",(X),"26,223",(X),"35,663",(X),"37,749",(X),"41,323",(X),"17,835",(X),-,(X),-,(X),"11,990",(X),"23,375",(X),"33,179",(X),"19,598",(X),"22,446",(X),"20,518",(X),"58,433",(X),"31,466",(X),"27,270",(X),N,(X),"16,553",(X),"12,306",(X),"14,307",(X),"18,873",(X),"14,480",(X),"31,108",(X),"20,127",(X),"20,877",(X),"25,051",(X),"15,119",(X),"23,663",(X),"21,916",(X),"13,470",(X),"24,936",(X),"23,634",(X),"22,711",(X),"36,501",(X),"28,945",(X),-,(X)
        With Supplemental Security Income,462,4.40%,271,2.20%,30,1.70%,180,2.40%,611,5.50%,68,2.20%,462,4.90%,434,4.60%,228,9.10%,90,7.20%,526,3.30%,314,5.10%,204,3.30%,34,1.40%,238,2.70%,282,3.80%,26,2.30%,215,5.00%,317,3.20%,111,1.70%,251,2.70%,8,1.70%,0,0.00%,0,-,32,0.80%,200,3.70%,211,4.20%,452,9.60%,461,6.00%,287,2.70%,51,1.00%,24,0.50%,323,2.50%,20,6.70%,216,5.60%,225,5.90%,60,9.40%,138,6.70%,"1,107",15.20%,686,13.10%,133,3.80%,579,6.80%,514,5.30%,373,7.70%,785,5.10%,493,5.60%,0,0.00%,110,2.50%,648,6.30%,4,0.50%,49,2.40%,82,11.20%,0,0.00%
            Mean Supplemental Security Income (dollars),"9,932",(X),"9,040",(X),"9,267",(X),"11,159",(X),"9,543",(X),"10,418",(X),"10,614",(X),"11,976",(X),"9,083",(X),"10,719",(X),"12,140",(X),"11,979",(X),"12,850",(X),"5,844",(X),"10,749",(X),"11,198",(X),"16,277",(X),"12,214",(X),"9,239",(X),"11,544",(X),"11,391",(X),"7,738",(X),-,(X),-,(X),"5,616",(X),"9,867",(X),"16,187",(X),"8,677",(X),"11,704",(X),"8,251",(X),"11,425",(X),"10,904",(X),"14,676",(X),"10,530",(X),"11,465",(X),"12,450",(X),"8,517",(X),"8,369",(X),"8,316",(X),"9,651",(X),"8,280",(X),"9,317",(X),"10,872",(X),"10,885",(X),"11,476",(X),"10,126",(X),-,(X),"7,697",(X),"8,511",(X),N,(X),"17,714",(X),N,(X),-,(X)
        With cash public assistance income,177,1.70%,197,1.60%,20,1.20%,24,0.30%,298,2.70%,41,1.30%,327,3.40%,336,3.50%,58,2.30%,48,3.80%,162,1.00%,112,1.80%,57,0.90%,30,1.30%,142,1.60%,92,1.20%,0,0.00%,158,3.70%,442,4.40%,0,0.00%,113,1.20%,0,0.00%,6,9.20%,0,-,37,0.90%,241,4.50%,155,3.10%,228,4.90%,341,4.50%,472,4.40%,41,0.80%,23,0.50%,78,0.60%,0,0.00%,110,2.80%,152,4.00%,14,2.20%,32,1.60%,429,5.90%,435,8.30%,281,8.10%,862,10.10%,339,3.50%,251,5.20%,180,1.20%,191,2.20%,0,0.00%,36,0.80%,350,3.40%,7,1.00%,6,0.30%,24,3.30%,47,28.50%
            Mean cash public assistance income (dollars),"5,042",(X),"6,620",(X),"4,205",(X),N,(X),"2,566",(X),"2,241",(X),"3,056",(X),"5,524",(X),557,(X),"3,363",(X),"2,373",(X),"2,090",(X),"4,205",(X),N,(X),"5,582",(X),"9,849",(X),-,(X),"3,085",(X),"1,984",(X),-,(X),"1,499",(X),-,(X),N,(X),-,(X),"4,776",(X),"2,907",(X),"5,771",(X),"1,518",(X),"2,683",(X),"4,468",(X),"9,495",(X),"2,226",(X),"4,749",(X),-,(X),"7,216",(X),"3,959",(X),N,(X),N,(X),"1,949",(X),"4,402",(X),"3,934",(X),"4,817",(X),"4,503",(X),"3,883",(X),"2,888",(X),"1,916",(X),-,(X),"7,956",(X),"1,428",(X),N,(X),N,(X),N,(X),N,(X)
        With Food Stamp/SNAP benefits in the past 12 months,533,5.00%,667,5.40%,143,8.20%,103,1.40%,"1,570",14.10%,43,1.40%,"1,397",14.70%,"1,381",14.60%,651,26.10%,187,14.90%,"1,136",7.20%,"1,041",16.90%,218,3.50%,222,9.30%,719,8.30%,198,2.70%,13,1.10%,499,11.70%,403,4.00%,124,1.90%,293,3.20%,15,3.30%,0,0.00%,0,-,72,1.80%,"1,059",19.80%,596,11.80%,945,20.10%,775,10.20%,548,5.10%,85,1.70%,25,0.50%,195,1.50%,23,7.70%,596,15.30%,737,19.40%,149,23.40%,586,28.50%,"1,761",24.20%,"1,608",30.70%,573,16.60%,"1,856",21.60%,"1,193",12.30%,"1,172",24.30%,"1,605",10.40%,"1,297",14.60%,133,18.80%,242,5.50%,"1,256",12.20%,20,2.70%,25,1.20%,52,7.10%,93,56.40%
    Families,"7,962","7,962","8,446","8,446","1,165","1,165","5,510","5,510","5,864","5,864","2,774","2,774","4,658","4,658","5,184","5,184","1,445","1,445",800,800,"9,117","9,117","4,872","4,872","3,826","3,826","1,678","1,678","5,805","5,805","5,541","5,541",954,954,"3,050","3,050","6,655","6,655","5,468","5,468","6,638","6,638",375,375,0,0,0,0,615,615,"1,699","1,699","1,688","1,688","1,796","1,796","3,177","3,177","2,192","2,192","1,687","1,687","3,527","3,527","5,888","5,888",96,96,"2,153","2,153","2,132","2,132",431,431,"1,363","1,363","3,319","3,319","2,518","2,518","1,940","1,940","4,190","4,190","5,145","5,145","2,716","2,716","9,258","9,258","5,346","5,346",365,365,"2,282","2,282","5,496","5,496",517,517,"1,287","1,287",357,357,129,129
"        Less than $10,000",182,2.30%,183,2.20%,30,2.60%,239,4.30%,326,5.60%,14,0.50%,182,3.90%,271,5.20%,109,7.50%,37,4.60%,148,1.60%,342,7.00%,42,1.10%,23,1.40%,308,5.30%,115,2.10%,22,2.30%,5,0.20%,36,0.50%,51,0.90%,42,0.60%,0,0.00%,0,-,0,-,10,1.60%,202,11.90%,152,9.00%,71,4.00%,118,3.70%,53,2.40%,46,2.70%,9,0.30%,12,0.20%,0,0.00%,124,5.80%,234,11.00%,37,8.60%,116,8.50%,230,6.90%,229,9.10%,22,1.10%,249,5.90%,124,2.40%,189,7.00%,325,3.50%,324,6.10%,41,11.20%,74,3.20%,134,2.40%,0,0.00%,0,0.00%,0,0.00%,52,40.30%
"        $10,000 to $14,999",89,1.10%,113,1.30%,21,1.80%,24,0.40%,113,1.90%,0,0.00%,60,1.30%,155,3.00%,109,7.50%,5,0.60%,89,1.00%,189,3.90%,0,0.00%,17,1.00%,25,0.40%,11,0.20%,0,0.00%,16,0.50%,44,0.70%,55,1.00%,5,0.10%,0,0.00%,0,-,0,-,11,1.80%,57,3.40%,175,10.40%,86,4.80%,93,2.90%,15,0.70%,39,2.30%,0,0.00%,25,0.40%,0,0.00%,58,2.70%,150,7.00%,27,6.30%,76,5.60%,169,5.10%,163,6.50%,88,4.50%,324,7.70%,188,3.70%,138,5.10%,134,1.40%,173,3.20%,0,0.00%,0,0.00%,46,0.80%,0,0.00%,16,1.20%,0,0.00%,0,0.00%
"        $15,000 to $24,999",286,3.60%,141,1.70%,38,3.30%,109,2.00%,358,6.10%,26,0.90%,324,7.00%,554,10.70%,210,14.50%,77,9.60%,357,3.90%,315,6.50%,82,2.10%,89,5.30%,281,4.80%,39,0.70%,2,0.20%,88,2.90%,97,1.50%,44,0.80%,21,0.30%,20,5.30%,0,-,0,-,42,6.80%,219,12.90%,103,6.10%,167,9.30%,278,8.80%,70,3.20%,33,2.00%,18,0.50%,212,3.60%,0,0.00%,84,3.90%,104,4.90%,47,10.90%,120,8.80%,283,8.50%,298,11.80%,181,9.30%,479,11.40%,230,4.50%,352,13.00%,540,5.80%,246,4.60%,0,0.00%,203,8.90%,301,5.50%,0,0.00%,17,1.30%,0,0.00%,15,11.60%
"        $25,000 to $34,999",281,3.50%,233,2.80%,89,7.60%,29,0.50%,544,9.30%,16,0.60%,415,8.90%,420,8.10%,143,9.90%,94,11.80%,419,4.60%,270,5.50%,275,7.20%,51,3.00%,179,3.10%,206,3.70%,23,2.40%,132,4.30%,150,2.30%,53,1.00%,85,1.30%,3,0.80%,0,-,0,-,38,6.20%,183,10.80%,89,5.30%,83,4.60%,108,3.40%,179,8.20%,0,0.00%,29,0.80%,197,3.30%,9,9.40%,223,10.40%,309,14.50%,18,4.20%,205,15.00%,488,14.70%,323,12.80%,214,11.00%,394,9.40%,324,6.30%,340,12.50%,567,6.10%,476,8.90%,15,4.10%,170,7.40%,311,5.70%,53,10.30%,57,4.40%,0,0.00%,43,33.30%
"        $35,000 to $49,999",789,9.90%,667,7.90%,51,4.40%,372,6.80%,811,13.80%,196,7.10%,598,12.80%,766,14.80%,135,9.30%,101,12.60%,966,10.60%,459,9.40%,457,11.90%,134,8.00%,634,10.90%,259,4.70%,76,8.00%,230,7.50%,325,4.90%,208,3.80%,264,4.00%,95,25.30%,0,-,0,-,11,1.80%,254,14.90%,47,2.80%,121,6.70%,287,9.00%,179,8.20%,97,5.70%,43,1.20%,352,6.00%,26,27.10%,515,23.90%,330,15.50%,101,23.40%,374,27.40%,623,18.80%,465,18.50%,352,18.10%,704,16.80%,825,16.00%,294,10.80%,973,10.50%,956,17.90%,96,26.30%,118,5.20%,"1,007",18.30%,24,4.60%,29,2.30%,71,19.90%,0,0.00%
"        $50,000 to $74,999","1,263",15.90%,"1,571",18.60%,205,17.60%,"1,035",18.80%,"1,484",25.30%,354,12.80%,709,15.20%,"1,241",23.90%,317,21.90%,268,33.50%,"2,279",25.00%,966,19.80%,632,16.50%,363,21.60%,864,14.90%,629,11.40%,131,13.70%,590,19.30%,810,12.20%,438,8.00%,805,12.10%,57,15.20%,0,-,0,-,35,5.70%,110,6.50%,193,11.40%,221,12.30%,464,14.60%,244,11.10%,90,5.30%,138,3.90%,"1,072",18.20%,0,0.00%,472,21.90%,379,17.80%,98,22.70%,256,18.80%,593,17.90%,448,17.80%,315,16.20%,898,21.40%,734,14.30%,602,22.20%,"2,055",22.20%,"1,158",21.70%,20,5.50%,489,21.40%,955,17.40%,61,11.80%,221,17.20%,71,19.90%,19,14.70%
"        $75,000 to $99,999","1,520",19.10%,"1,224",14.50%,316,27.10%,"1,099",19.90%,659,11.20%,450,16.20%,"1,116",24.00%,743,14.30%,217,15.00%,80,10.00%,"1,638",18.00%,659,13.50%,730,19.10%,378,22.50%,993,17.10%,695,12.50%,116,12.20%,539,17.70%,752,11.30%,638,11.70%,"1,030",15.50%,41,10.90%,0,-,0,-,63,10.20%,174,10.20%,256,15.20%,274,15.30%,506,15.90%,227,10.40%,93,5.50%,246,7.00%,"1,104",18.80%,39,40.60%,373,17.30%,300,14.10%,23,5.30%,38,2.80%,317,9.60%,183,7.30%,374,19.30%,375,8.90%,738,14.30%,422,15.50%,"1,352",14.60%,752,14.10%,64,17.50%,302,13.20%,"1,070",19.50%,12,2.30%,243,18.90%,38,10.60%,0,0.00%
"        $100,000 to $149,999","1,775",22.30%,"2,126",25.20%,206,17.70%,"1,238",22.50%,"1,032",17.60%,778,28.00%,674,14.50%,823,15.90%,98,6.80%,94,11.80%,"2,070",22.70%,"1,086",22.30%,"1,051",27.50%,430,25.60%,"1,280",22.00%,"1,147",20.70%,236,24.70%,923,30.30%,"1,705",25.60%,"1,388",25.40%,"1,916",28.90%,139,37.10%,0,-,0,-,88,14.30%,326,19.20%,274,16.20%,314,17.50%,534,16.80%,405,18.50%,495,29.30%,571,16.20%,"1,314",22.30%,0,0.00%,125,5.80%,255,12.00%,20,4.60%,165,12.10%,486,14.60%,200,7.90%,270,13.90%,551,13.20%,"1,182",23.00%,294,10.80%,"2,141",23.10%,735,13.70%,42,11.50%,535,23.40%,"1,045",19.00%,218,42.20%,292,22.70%,105,29.40%,0,0.00%
"        $150,000 to $199,999",983,12.30%,"1,327",15.70%,130,11.20%,735,13.30%,355,6.10%,457,16.50%,416,8.90%,188,3.60%,87,6.00%,17,2.10%,803,8.80%,311,6.40%,318,8.30%,167,10.00%,689,11.90%,"1,106",20.00%,197,20.60%,315,10.30%,"1,228",18.50%,"1,230",22.50%,"1,200",18.10%,8,2.10%,0,-,0,-,148,24.10%,53,3.10%,185,11.00%,203,11.30%,394,12.40%,355,16.20%,229,13.60%,730,20.70%,936,15.90%,22,22.90%,101,4.70%,33,1.50%,22,5.10%,13,1.00%,96,2.90%,154,6.10%,84,4.30%,188,4.50%,593,11.50%,85,3.10%,786,8.50%,401,7.50%,52,14.20%,334,14.60%,412,7.50%,91,17.60%,208,16.20%,53,14.80%,0,0.00%
"        $200,000 or more",794,10.00%,861,10.20%,79,6.80%,630,11.40%,182,3.10%,483,17.40%,164,3.50%,23,0.40%,20,1.40%,27,3.40%,348,3.80%,275,5.60%,239,6.20%,26,1.50%,552,9.50%,"1,334",24.10%,151,15.80%,212,7.00%,"1,508",22.70%,"1,363",24.90%,"1,270",19.10%,12,3.20%,0,-,0,-,169,27.50%,121,7.10%,214,12.70%,256,14.30%,395,12.40%,465,21.20%,565,33.50%,"1,743",49.40%,664,11.30%,0,0.00%,78,3.60%,38,1.80%,38,8.80%,0,0.00%,34,1.00%,55,2.20%,40,2.10%,28,0.70%,207,4.00%,0,0.00%,385,4.20%,125,2.30%,35,9.60%,57,2.50%,215,3.90%,58,11.20%,204,15.90%,19,5.30%,0,0.00%
        Median family income (dollars),"92,681",(X),"101,477",(X),"82,386",(X),"96,765",(X),"61,264",(X),"126,058",(X),"76,114",(X),"56,418",(X),"53,176",(X),"59,865",(X),"80,161",(X),"72,614",(X),"90,932",(X),"83,889",(X),"92,517",(X),"134,321",(X),"125,500",(X),"96,813",(X),"127,851",(X),"142,857",(X),"127,596",(X),"97,702",(X),-,(X),-,(X),"151,080",(X),"40,285",(X),"84,821",(X),"86,250",(X),"84,306",(X),"116,136",(X),"144,728",(X),"198,686",(X),"99,167",(X),"87,500",(X),"54,078",(X),"48,378",(X),"42,438",(X),"42,640",(X),"45,865",(X),"39,517",(X),"59,041",(X),"48,214",(X),"78,869",(X),"55,047",(X),"76,136",(X),"59,114",(X),"75,938",(X),"86,705",(X),"74,914",(X),"115,603",(X),"105,972",(X),"98,750",(X),-,(X)
        Mean family income (dollars),"118,167",(X),"120,115",(X),"97,900",(X),"119,367",(X),"74,672",(X),"138,384",(X),"82,319",(X),"65,382",(X),"76,065",(X),"69,987",(X),"92,846",(X),"86,128",(X),"107,011",(X),"87,941",(X),"104,311",(X),"156,457",(X),"139,468",(X),"113,224",(X),"158,697",(X),"163,390",(X),"151,378",(X),"92,753",(X),-,(X),-,(X),"160,303",(X),"72,560",(X),"105,831",(X),"110,009",(X),"112,203",(X),"138,965",(X),"229,063",(X),"247,868",(X),"118,791",(X),"89,236",(X),"69,116",(X),"58,567",(X),"66,457",(X),"47,240",(X),"58,515",(X),"62,565",(X),"74,522",(X),"60,236",(X),"92,540",(X),"58,515",(X),"86,580",(X),"72,443",(X),"105,462",(X),"91,816",(X),"85,585",(X),"132,675",(X),"139,768",(X),"110,852",(X),"21,611",(X)
    Per capita income (dollars),"40,487",(X),"39,141",(X),"35,366",(X),"38,551",(X),"28,094",(X),"49,110",(X),"28,966",(X),"26,626",(X),"25,490",(X),"25,374",(X),"33,729",(X),"28,637",(X),"38,972",(X),"30,297",(X),"37,507",(X),"52,404",(X),"48,695",(X),"35,500",(X),"51,653",(X),"51,563",(X),"49,323",(X),"31,248",(X),"34,101",(X),-,(X),"60,971",(X),"36,378",(X),"52,141",(X),"32,878",(X),"35,494",(X),"52,784",(X),"81,581",(X),"83,735",(X),"47,270",(X),"43,253",(X),"22,443",(X),"18,903",(X),"15,682",(X),"15,947",(X),"18,527",(X),"19,932",(X),"29,584",(X),"23,279",(X),"34,329",(X),"20,816",(X),"32,172",(X),"26,221",(X),"33,451",(X),"33,001",(X),"30,643",(X),"41,437",(X),"49,237",(X),"45,722",(X),"5,319",(X)
    Nonfamily households,"2,626","2,626","3,917","3,917",573,573,"2,040","2,040","5,249","5,249",365,365,"4,836","4,836","4,292","4,292","1,047","1,047",454,454,"6,673","6,673","1,286","1,286","2,372","2,372",711,711,"2,880","2,880","1,907","1,907",197,197,"1,224","1,224","3,303","3,303",947,947,"2,517","2,517",83,83,65,65,0,0,"3,437","3,437","3,641","3,641","3,381","3,381","2,900","2,900","4,443","4,443","8,469","8,469","3,234","3,234","1,226","1,226","6,891","6,891",201,201,"1,737","1,737","1,668","1,668",207,207,693,693,"3,960","3,960","2,723","2,723","1,517","1,517","4,384","4,384","4,552","4,552","2,112","2,112","6,111","6,111","3,532","3,532",342,342,"2,149","2,149","4,794","4,794",213,213,751,751,373,373,36,36
        Median nonfamily income (dollars),"62,672",(X),"41,375",(X),"85,156",(X),"56,582",(X),"36,891",(X),"71,250",(X),"27,408",(X),"42,903",(X),"28,671",(X),"32,042",(X),"39,954",(X),"42,500",(X),"42,689",(X),"56,581",(X),"46,113",(X),"56,493",(X),-,(X),"32,563",(X),"49,474",(X),"69,886",(X),"48,539",(X),"34,583",(X),-,(X),-,(X),"61,032",(X),"55,383",(X),"61,380",(X),"26,824",(X),"41,215",(X),"54,818",(X),"61,250",(X),"92,000",(X),"58,958",(X),"94,659",(X),"33,627",(X),"31,855",(X),"19,776",(X),"15,383",(X),"17,067",(X),"23,527",(X),"33,091",(X),"27,703",(X),"42,699",(X),"24,810",(X),"40,958",(X),"42,071",(X),"34,695",(X),"44,236",(X),"36,838",(X),"78,594",(X),"52,917",(X),"36,682",(X),-,(X)
        Mean nonfamily income (dollars),"66,597",(X),"53,643",(X),"79,916",(X),"65,900",(X),"48,032",(X),"98,249",(X),"40,217",(X),"49,609",(X),"38,634",(X),"37,331",(X),"51,334",(X),"57,923",(X),"54,365",(X),"67,141",(X),"61,135",(X),"80,251",(X),"51,169",(X),"44,050",(X),"60,121",(X),"78,872",(X),"62,702",(X),"47,111",(X),"55,742",(X),-,(X),"69,243",(X),"71,002",(X),"94,213",(X),"43,385",(X),"55,132",(X),"69,747",(X),"93,758",(X),"138,385",(X),"67,079",(X),"80,575",(X),"45,488",(X),"37,982",(X),"31,519",(X),"24,523",(X),"28,245",(X),"32,098",(X),"53,426",(X),"39,136",(X),"54,404",(X),"31,640",(X),"52,991",(X),"53,064",(X),"42,558",(X),"52,354",(X),"46,860",(X),"100,349",(X),"84,460",(X),"46,739",(X),-,(X)
    Median earnings for workers (dollars),"48,012",(X),"45,867",(X),"40,343",(X),"47,387",(X),"34,478",(X),"59,147",(X),"35,389",(X),"34,128",(X),"30,320",(X),"31,832",(X),"40,387",(X),"36,486",(X),"43,876",(X),"46,225",(X),"47,181",(X),"59,493",(X),"58,389",(X),"41,865",(X),"56,395",(X),"66,387",(X),"54,668",(X),"43,500",(X),-,(X),-,(X),"56,622",(X),"42,885",(X),"49,395",(X),"34,809",(X),"36,325",(X),"51,116",(X),"54,818",(X),"80,606",(X),"50,064",(X),"59,896",(X),"33,473",(X),"30,314",(X),"22,606",(X),"26,924",(X),"26,418",(X),"27,083",(X),"34,817",(X),"32,313",(X),"39,124",(X),"29,378",(X),"39,025",(X),"37,571",(X),"47,318",(X),"39,672",(X),"36,828",(X),"66,004",(X),"49,729",(X),"37,418",(X),"11,250",(X)
"    Median earnings for male full-time, year-round workers (dollars)","65,802",(X),"69,570",(X),"56,128",(X),"65,861",(X),"48,372",(X),"86,517",(X),"48,879",(X),"48,381",(X),"43,441",(X),"46,250",(X),"56,519",(X),"52,794",(X),"55,793",(X),"62,770",(X),"70,671",(X),"94,432",(X),"79,891",(X),"59,518",(X),"96,458",(X),"92,500",(X),"74,568",(X),"58,077",(X),-,(X),-,(X),"61,742",(X),"63,728",(X),"72,098",(X),"52,103",(X),"55,343",(X),"63,498",(X),"76,471",(X),"116,152",(X),"65,339",(X),"77,000",(X),"39,910",(X),"38,203",(X),"43,438",(X),"30,823",(X),"39,871",(X),"34,408",(X),"42,955",(X),"44,412",(X),"56,330",(X),"37,656",(X),"56,768",(X),"51,002",(X),"56,161",(X),"54,566",(X),"46,326",(X),"75,456",(X),"72,928",(X),"57,981",(X),-,(X)
"    Median earnings for female full-time, year-round workers (dollars)","54,018",(X),"50,848",(X),"42,219",(X),"58,940",(X),"39,908",(X),"66,098",(X),"39,541",(X),"37,637",(X),"37,250",(X),"34,504",(X),"45,817",(X),"40,054",(X),"45,873",(X),"46,271",(X),"50,642",(X),"64,332",(X),"64,643",(X),"48,655",(X),"63,201",(X),"75,204",(X),"61,551",(X),"48,125",(X),-,(X),-,(X),"60,556",(X),"51,600",(X),"62,664",(X),"46,794",(X),"53,389",(X),"55,450",(X),"58,774",(X),"83,063",(X),"56,625",(X),"32,788",(X),"32,584",(X),"30,196",(X),"31,818",(X),"35,327",(X),"35,995",(X),"34,138",(X),"45,859",(X),"43,503",(X),"43,271",(X),"35,044",(X),"43,675",(X),"43,374",(X),"49,245",(X),"42,576",(X),"38,738",(X),"65,313",(X),"70,337",(X),"51,458",(X),-,(X)
HEALTH INSURANCE COVERAGE,,,,,,,,,,,,,,,,,,,,,,,,,,,,,,,,,,,,,,,,,,,,,,,,,,,,,,,,,,,,,,,,,,,,,,,,,,,,,,,,,,,,,,,,,,,,,,,,,,,,,,,,,,
    Civilian noninstitutionalized population,"27,784","27,784","31,915","31,915","4,628","4,628","21,282","21,282","25,631","25,631","8,660","8,660","20,779","20,779","22,183","22,183","6,383","6,383","3,100","3,100","36,018","36,018","18,098","18,098","13,880","13,880","6,618","6,618","21,040","21,040","19,621","19,621","3,033","3,033","11,681","11,681","24,540","24,540","19,246","19,246","23,902","23,902","1,325","1,325",65,65,0,0,"5,499","5,499","9,958","9,958","9,519","9,519","10,101","10,101","17,593","17,593","16,902","16,902","8,577","8,577","12,446","12,446","24,713","24,713",580,580,"10,458","10,458","11,081","11,081","2,334","2,334","5,590","5,590","17,592","17,592","12,514","12,514","8,324","8,324","19,405","19,405","21,902","21,902","12,064","12,064","37,079","37,079","22,982","22,982","1,585","1,585","10,014","10,014","23,977","23,977","2,158","2,158","4,891","4,891","1,233","1,233",581,581
        With health insurance coverage,"25,586",92.10%,"29,422",92.20%,"4,085",88.30%,"20,315",95.50%,"21,187",82.70%,"8,435",97.40%,"18,268",87.90%,"17,823",80.30%,"5,090",79.70%,"2,629",84.80%,"31,959",88.70%,"15,582",86.10%,"12,997",93.60%,"6,101",92.20%,"19,424",92.30%,"18,792",95.80%,"2,890",95.30%,"10,659",91.30%,"23,671",96.50%,"18,773",97.50%,"22,209",92.90%,"1,210",91.30%,65,100.00%,0,-,"5,121",93.10%,"8,779",88.20%,"8,633",90.70%,"8,396",83.10%,"15,963",90.70%,"15,511",91.80%,"8,149",95.00%,"12,242",98.40%,"23,025",93.20%,386,66.60%,"8,287",79.20%,"7,345",66.30%,"1,591",68.20%,"3,831",68.50%,"12,622",71.70%,"9,864",78.80%,"7,241",87.00%,"16,280",83.90%,"19,475",88.90%,"10,266",85.10%,"32,355",87.30%,"19,669",85.60%,"1,458",92.00%,"8,277",82.70%,"20,763",86.60%,"2,033",94.20%,"4,502",92.00%,"1,182",95.90%,525,90.40%
            With private health insurance,"22,067",79.40%,"24,934",78.10%,"2,996",64.70%,"17,596",82.70%,"14,714",57.40%,"7,926",91.50%,"12,500",60.20%,"11,286",50.90%,"3,040",47.60%,"1,450",46.80%,"24,863",69.00%,"11,374",62.80%,"10,289",74.10%,"4,783",72.30%,"15,731",74.80%,"16,340",83.30%,"2,621",86.40%,"8,427",72.10%,"21,425",87.30%,"17,331",90.00%,"19,857",83.10%,"1,001",75.50%,49,75.40%,0,-,"4,743",86.30%,"5,476",55.00%,"6,602",69.40%,"5,853",57.90%,"13,380",76.10%,"13,574",80.30%,"7,048",82.20%,"11,370",91.40%,"20,004",80.90%,312,53.80%,"5,318",50.90%,"3,820",34.50%,647,27.70%,"2,014",36.00%,"6,161",35.00%,"4,712",37.70%,"4,905",58.90%,"9,580",49.40%,"14,766",67.40%,"5,992",49.70%,"25,046",67.50%,"13,430",58.40%,"1,068",67.40%,"6,455",64.50%,"16,165",67.40%,"1,768",81.90%,"3,727",76.20%,971,78.80%,131,22.50%
            With public coverage,"6,245",22.50%,"8,713",27.30%,"1,652",35.70%,"4,135",19.40%,"9,170",35.80%,"1,393",16.10%,"8,018",38.60%,"8,429",38.00%,"2,561",40.10%,"1,323",42.70%,"12,239",34.00%,"5,884",32.50%,"5,055",36.40%,"2,072",31.30%,"5,476",26.00%,"4,990",25.40%,717,23.60%,"3,456",29.60%,"5,801",23.60%,"3,110",16.20%,"4,723",19.80%,314,23.70%,16,24.60%,0,-,549,10.00%,"3,901",39.20%,"2,812",29.50%,"3,192",31.60%,"3,740",21.30%,"3,062",18.10%,"1,876",21.90%,"2,163",17.40%,"6,687",27.10%,86,14.80%,"3,464",33.10%,"3,916",35.30%,"1,084",46.40%,"2,024",36.20%,"7,804",44.40%,"6,265",50.10%,"3,202",38.50%,"8,695",44.80%,"7,213",32.90%,"5,183",43.00%,"11,353",30.60%,"8,214",35.70%,464,29.30%,"2,629",26.30%,"7,765",32.40%,423,19.60%,"1,566",32.00%,411,33.30%,394,67.80%
        No health insurance coverage,"2,198",7.90%,"2,493",7.80%,543,11.70%,967,4.50%,"4,444",17.30%,225,2.60%,"2,511",12.10%,"4,360",19.70%,"1,293",20.30%,471,15.20%,"4,059",11.30%,"2,516",13.90%,883,6.40%,517,7.80%,"1,616",7.70%,829,4.20%,143,4.70%,"1,022",8.70%,869,3.50%,473,2.50%,"1,693",7.10%,115,8.70%,0,0.00%,0,-,378,6.90%,"1,179",11.80%,886,9.30%,"1,705",16.90%,"1,630",9.30%,"1,391",8.20%,428,5.00%,204,1.60%,"1,688",6.80%,194,33.40%,"2,171",20.80%,"3,736",33.70%,743,31.80%,"1,759",31.50%,"4,970",28.30%,"2,650",21.20%,"1,083",13.00%,"3,125",16.10%,"2,427",11.10%,"1,798",14.90%,"4,724",12.70%,"3,313",14.40%,127,8.00%,"1,737",17.30%,"3,214",13.40%,125,5.80%,389,8.00%,51,4.10%,56,9.60%
    Civilian noninstitutionalized population under 19 years,"7,877","7,877","8,568","8,568","1,202","1,202","6,641","6,641","6,173","6,173","2,126","2,126","4,283","4,283","5,427","5,427","1,965","1,965",677,677,"7,746","7,746","5,883","5,883","2,744","2,744","1,887","1,887","5,546","5,546","5,585","5,585",644,644,"2,837","2,837","6,262","6,262","5,899","5,899","6,004","6,004",323,323,0,0,0,0,123,123,"2,303","2,303","1,512","1,512","1,873","1,873","3,503","3,503","1,355","1,355",898,898,"3,572","3,572","4,102","4,102",122,122,"3,135","3,135","3,501","3,501",955,955,"1,792","1,792","5,284","5,284","3,704","3,704","2,173","2,173","5,013","5,013","4,916","4,916","3,335","3,335","8,825","8,825","6,650","6,650",448,448,"2,362","2,362","5,388","5,388",685,685,922,922,161,161,309,309
        No health insurance coverage,533,6.80%,631,7.40%,160,13.30%,118,1.80%,907,14.70%,9,0.40%,106,2.50%,630,11.60%,53,2.70%,15,2.20%,668,8.60%,499,8.50%,117,4.30%,89,4.70%,135,2.40%,244,4.40%,0,0.00%,183,6.50%,108,1.70%,123,2.10%,575,9.60%,22,6.80%,0,-,0,-,12,9.80%,84,3.60%,18,1.20%,133,7.10%,186,5.30%,134,9.90%,105,11.70%,70,2.00%,343,8.40%,100,82.00%,277,8.80%,750,21.40%,190,19.90%,461,25.70%,835,15.80%,405,10.90%,105,4.80%,619,12.30%,132,2.70%,296,8.90%,784,8.90%,383,5.80%,0,0.00%,392,16.60%,730,13.50%,0,0.00%,37,4.00%,0,0.00%,0,0.00%
    Civilian noninstitutionalized population 19 to 64 years,"16,390","16,390","17,763","17,763","2,607","2,607","11,956","11,956","15,647","15,647","5,242","5,242","12,762","12,762","13,493","13,493","3,879","3,879","1,914","1,914","20,223","20,223","10,312","10,312","7,840","7,840","3,857","3,857","13,127","13,127","10,434","10,434","1,736","1,736","7,078","7,078","13,566","13,566","11,045","11,045","14,461","14,461",800,800,65,65,0,0,"5,044","5,044","7,047","7,047","6,903","6,903","7,280","7,280","12,308","12,308","13,580","13,580","6,029","6,029","6,849","6,849","15,492","15,492",437,437,"6,671","6,671","6,698","6,698","1,216","1,216","3,255","3,255","10,014","10,014","6,698","6,698","4,955","4,955","10,679","10,679","13,665","13,665","7,063","7,063","22,329","22,329","13,380","13,380",814,814,"6,285","6,285","14,547","14,547","1,258","1,258","2,554","2,554",671,671,272,272
        In labor force:,"13,815","13,815","14,774","14,774","2,154","2,154","10,496","10,496","12,386","12,386","4,428","4,428","9,854","9,854","10,634","10,634","2,664","2,664","1,272","1,272","16,158","16,158","8,462","8,462","6,605","6,605","2,961","2,961","11,384","11,384","8,668","8,668","1,506","1,506","5,675","5,675","11,875","11,875","9,642","9,642","12,235","12,235",623,623,65,65,0,0,"4,694","4,694","5,625","5,625","5,665","5,665","5,240","5,240","9,349","9,349","11,826","11,826","4,966","4,966","6,115","6,115","13,905","13,905",392,392,"4,937","4,937","4,765","4,765",748,748,"2,287","2,287","7,309","7,309","4,645","4,645","3,754","3,754","7,591","7,591","11,743","11,743","5,325","5,325","18,641","18,641","10,787","10,787",721,721,"5,306","5,306","11,927","11,927","1,070","1,070","1,996","1,996",574,574,160,160
            Employed:,"13,305","13,305","14,218","14,218","2,081","2,081","10,282","10,282","11,696","11,696","4,333","4,333","9,209","9,209","10,141","10,141","2,409","2,409","1,164","1,164","15,292","15,292","7,975","7,975","6,032","6,032","2,895","2,895","10,536","10,536","8,476","8,476","1,491","1,491","5,394","5,394","11,611","11,611","9,359","9,359","11,933","11,933",612,612,65,65,0,0,"4,473","4,473","5,299","5,299","5,428","5,428","5,135","5,135","9,015","9,015","11,499","11,499","4,937","4,937","6,041","6,041","13,666","13,666",377,377,"4,703","4,703","4,580","4,580",678,678,"2,136","2,136","6,352","6,352","4,223","4,223","3,529","3,529","7,142","7,142","11,022","11,022","4,784","4,784","17,929","17,929","9,783","9,783",680,680,"5,040","5,040","11,378","11,378","1,059","1,059","1,937","1,937",574,574,85,85
                With health insurance coverage,"12,403",93.20%,"12,892",90.70%,"1,828",87.80%,"9,731",94.60%,"9,207",78.70%,"4,206",97.10%,"7,762",84.30%,"7,522",74.20%,"1,785",74.10%,932,80.10%,"13,095",85.60%,"6,733",84.40%,"5,664",93.90%,"2,560",88.40%,"9,543",90.60%,"8,172",96.40%,"1,377",92.40%,"4,847",89.90%,"10,996",94.70%,"9,189",98.20%,"11,194",93.80%,553,90.40%,65,100.00%,0,-,"4,145",92.70%,"4,691",88.50%,"4,837",89.10%,"4,212",82.00%,"8,108",89.90%,"10,558",91.80%,"4,660",94.40%,"5,967",98.80%,"12,786",93.60%,301,79.80%,"3,552",75.50%,"2,488",54.30%,353,52.10%,"1,356",63.50%,"4,040",63.60%,"2,724",64.50%,"2,920",82.70%,"5,735",80.30%,"9,505",86.20%,"4,059",84.80%,"15,155",84.50%,"8,167",83.50%,660,97.10%,"4,144",82.20%,"9,671",85.00%,979,92.40%,"1,661",85.80%,554,96.50%,68,80.00%
                    With private health insurance,"12,112",91.00%,"12,483",87.80%,"1,718",82.60%,"9,521",92.60%,"8,780",75.10%,"4,143",95.60%,"7,266",78.90%,"6,703",66.10%,"1,590",66.00%,800,68.70%,"12,615",82.50%,"6,273",78.70%,"5,534",91.70%,"2,388",82.50%,"9,250",87.80%,"7,956",93.90%,"1,366",91.60%,"4,618",85.60%,"10,894",93.80%,"9,162",97.90%,"10,961",91.90%,543,88.70%,49,75.40%,0,-,"4,100",91.70%,"4,384",82.70%,"4,774",88.00%,"3,847",74.90%,"7,990",88.60%,"10,394",90.40%,"4,640",94.00%,"5,949",98.50%,"12,521",91.60%,283,75.10%,"3,309",70.40%,"2,243",49.00%,280,41.30%,"1,159",54.30%,"3,435",54.10%,"2,405",57.00%,"2,528",71.60%,"5,093",71.30%,"8,953",81.20%,"3,767",78.70%,"14,629",81.60%,"7,810",79.80%,660,97.10%,"3,976",78.90%,"9,082",79.80%,979,92.40%,"1,629",84.10%,552,96.20%,34,40.00%
                    With public coverage,489,3.70%,723,5.10%,157,7.50%,345,3.40%,775,6.60%,134,3.10%,626,6.80%,987,9.70%,318,13.20%,132,11.30%,659,4.30%,604,7.60%,322,5.30%,214,7.40%,571,5.40%,459,5.40%,31,2.10%,331,6.10%,386,3.30%,195,2.10%,401,3.40%,33,5.40%,16,24.60%,0,-,71,1.60%,533,10.10%,185,3.40%,468,9.10%,333,3.70%,332,2.90%,44,0.90%,63,1.00%,448,3.30%,18,4.80%,343,7.30%,268,5.90%,93,13.70%,222,10.40%,764,12.00%,403,9.50%,538,15.20%,784,11.00%,844,7.70%,398,8.30%,838,4.70%,601,6.10%,0,0.00%,263,5.20%,990,8.70%,0,0.00%,42,2.20%,2,0.30%,34,40.00%
                No health insurance coverage,902,6.80%,"1,326",9.30%,253,12.20%,551,5.40%,"2,489",21.30%,127,2.90%,"1,447",15.70%,"2,619",25.80%,624,25.90%,232,19.90%,"2,197",14.40%,"1,242",15.60%,368,6.10%,335,11.60%,993,9.40%,304,3.60%,114,7.60%,547,10.10%,615,5.30%,170,1.80%,739,6.20%,59,9.60%,0,0.00%,0,-,328,7.30%,608,11.50%,591,10.90%,923,18.00%,907,10.10%,941,8.20%,277,5.60%,74,1.20%,880,6.40%,76,20.20%,"1,151",24.50%,"2,092",45.70%,325,47.90%,780,36.50%,"2,312",36.40%,"1,499",35.50%,609,17.30%,"1,407",19.70%,"1,517",13.80%,725,15.20%,"2,774",15.50%,"1,616",16.50%,20,2.90%,896,17.80%,"1,707",15.00%,80,7.60%,276,14.20%,20,3.50%,17,20.00%
            Unemployed:,510,510,556,556,73,73,214,214,690,690,95,95,645,645,493,493,255,255,108,108,866,866,487,487,573,573,66,66,848,848,192,192,15,15,281,281,264,264,283,283,302,302,11,11,0,0,0,0,221,221,326,326,237,237,105,105,334,334,327,327,29,29,74,74,239,239,15,15,234,234,185,185,70,70,151,151,957,957,422,422,225,225,449,449,721,721,541,541,712,712,"1,004","1,004",41,41,266,266,549,549,11,11,59,59,0,0,75,75
                With health insurance coverage,370,72.50%,506,91.00%,0,0.00%,162,75.70%,405,58.70%,86,90.50%,413,64.00%,100,20.30%,153,60.00%,55,50.90%,526,60.70%,143,29.40%,313,54.60%,66,100.00%,478,56.40%,174,90.60%,12,80.00%,198,70.50%,221,83.70%,183,64.70%,234,77.50%,9,81.80%,0,-,0,-,204,92.30%,263,80.70%,222,93.70%,44,41.90%,219,65.60%,149,45.60%,15,51.70%,74,100.00%,149,62.30%,0,0.00%,132,56.40%,76,41.10%,59,84.30%,67,44.40%,143,14.90%,304,72.00%,131,58.20%,252,56.10%,188,26.10%,377,69.70%,469,65.90%,478,47.60%,0,0.00%,147,55.30%,264,48.10%,11,100.00%,59,100.00%,0,-,40,53.30%
                    With private health insurance,289,56.70%,504,90.60%,0,0.00%,121,56.50%,288,41.70%,83,87.40%,197,30.50%,83,16.80%,153,60.00%,42,38.90%,487,56.20%,107,22.00%,234,40.80%,40,60.60%,236,27.80%,174,90.60%,12,80.00%,189,67.30%,208,78.80%,183,64.70%,225,74.50%,9,81.80%,0,-,0,-,204,92.30%,115,35.30%,126,53.20%,37,35.20%,193,57.80%,142,43.40%,14,48.30%,74,100.00%,66,27.60%,0,0.00%,88,37.60%,55,29.70%,54,77.10%,11,7.30%,51,5.30%,124,29.40%,131,58.20%,153,34.10%,166,23.00%,156,28.80%,450,63.20%,343,34.20%,0,0.00%,39,14.70%,174,31.70%,11,100.00%,59,100.00%,0,-,0,0.00%
                    With public coverage,81,15.90%,12,2.20%,0,0.00%,41,19.20%,124,18.00%,3,3.20%,239,37.10%,26,5.30%,60,23.50%,13,12.00%,39,4.50%,45,9.20%,79,13.80%,26,39.40%,242,28.50%,0,0.00%,5,33.30%,9,3.20%,13,4.90%,0,0.00%,27,8.90%,0,0.00%,0,-,0,-,0,0.00%,148,45.40%,96,40.50%,7,6.70%,74,22.20%,10,3.10%,1,3.40%,0,0.00%,83,34.70%,0,0.00%,44,18.80%,30,16.20%,5,7.10%,62,41.10%,93,9.70%,198,46.90%,0,0.00%,110,24.50%,22,3.10%,242,44.70%,79,11.10%,153,15.20%,0,0.00%,108,40.60%,90,16.40%,0,0.00%,0,0.00%,0,-,40,53.30%
                No health insurance coverage,140,27.50%,50,9.00%,73,100.00%,52,24.30%,285,41.30%,9,9.50%,232,36.00%,393,79.70%,102,40.00%,53,49.10%,340,39.30%,344,70.60%,260,45.40%,0,0.00%,370,43.60%,18,9.40%,3,20.00%,83,29.50%,43,16.30%,100,35.30%,68,22.50%,2,18.20%,0,-,0,-,17,7.70%,63,19.30%,15,6.30%,61,58.10%,115,34.40%,178,54.40%,14,48.30%,0,0.00%,90,37.70%,15,100.00%,102,43.60%,109,58.90%,11,15.70%,84,55.60%,814,85.10%,118,28.00%,94,41.80%,197,43.90%,533,73.90%,164,30.30%,243,34.10%,526,52.40%,41,100.00%,119,44.70%,285,51.90%,0,0.00%,0,0.00%,0,-,35,46.70%
        Not in labor force:,"2,575","2,575","2,989","2,989",453,453,"1,460","1,460","3,261","3,261",814,814,"2,908","2,908","2,859","2,859","1,215","1,215",642,642,"4,065","4,065","1,850","1,850","1,235","1,235",896,896,"1,743","1,743","1,766","1,766",230,230,"1,403","1,403","1,691","1,691","1,403","1,403","2,226","2,226",177,177,0,0,0,0,350,350,"1,422","1,422","1,238","1,238","2,040","2,040","2,959","2,959","1,754","1,754","1,063","1,063",734,734,"1,587","1,587",45,45,"1,734","1,734","1,933","1,933",468,468,968,968,"2,705","2,705","2,053","2,053","1,201","1,201","3,088","3,088","1,922","1,922","1,738","1,738","3,688","3,688","2,593","2,593",93,93,979,979,"2,620","2,620",188,188,558,558,97,97,112,112
            With health insurance coverage,"1,952",75.80%,"2,505",83.80%,396,87.40%,"1,214",83.20%,"2,562",78.60%,734,90.20%,"2,244",77.20%,"2,156",75.40%,701,57.70%,471,73.40%,"3,299",81.20%,"1,466",79.20%,"1,104",89.40%,809,90.30%,"1,625",93.20%,"1,527",86.50%,204,88.70%,"1,203",85.70%,"1,588",93.90%,"1,357",96.70%,"1,915",86.00%,145,81.90%,0,-,0,-,329,94.00%,998,70.20%,"1,050",84.80%,"1,452",71.20%,"2,553",86.30%,"1,616",92.10%,"1,031",97.00%,692,94.30%,"1,219",76.80%,42,93.30%,"1,097",63.30%,"1,155",59.80%,251,53.60%,549,56.70%,"1,770",65.40%,"1,425",69.40%,926,77.10%,"2,203",71.30%,"1,695",88.20%,"1,125",64.70%,"2,807",76.10%,"1,934",74.60%,27,29.00%,665,67.90%,"2,144",81.80%,143,76.10%,482,86.40%,66,68.00%,108,96.40%
                With private health insurance,"1,660",64.50%,"1,939",64.90%,257,56.70%,978,67.00%,"1,007",30.90%,668,82.10%,"1,030",35.40%,954,33.40%,232,19.10%,208,32.40%,"2,163",53.20%,755,40.80%,719,58.20%,436,48.70%,"1,300",74.60%,"1,377",78.00%,175,76.10%,727,51.80%,"1,521",89.90%,"1,148",81.80%,"1,570",70.50%,118,66.70%,0,-,0,-,270,77.10%,335,23.60%,562,45.40%,506,24.80%,"1,769",59.80%,991,56.50%,825,77.60%,636,86.60%,824,51.90%,14,31.10%,451,26.00%,628,32.50%,66,14.10%,263,27.20%,777,28.70%,418,20.40%,724,60.30%,748,24.20%,939,48.90%,476,27.40%,"1,356",36.80%,662,25.50%,18,19.40%,416,42.50%,"1,025",39.10%,109,58.00%,390,69.90%,13,13.40%,59,52.70%
                With public coverage,427,16.60%,839,28.10%,166,36.60%,265,18.20%,"1,734",53.20%,159,19.50%,"1,336",45.90%,"1,230",43.00%,544,44.80%,267,41.60%,"1,323",32.50%,868,46.90%,535,43.30%,423,47.20%,432,24.80%,335,19.00%,32,13.90%,565,40.30%,210,12.40%,294,21.00%,460,20.70%,30,16.90%,0,-,0,-,64,18.30%,705,49.60%,587,47.40%,"1,033",50.60%,864,29.20%,666,38.00%,212,19.90%,91,12.40%,561,35.30%,28,62.20%,678,39.10%,605,31.30%,195,41.70%,321,33.20%,"1,272",47.00%,"1,104",53.80%,273,22.70%,"1,517",49.10%,955,49.70%,760,43.70%,"1,600",43.40%,"1,388",53.50%,9,9.70%,295,30.10%,"1,218",46.50%,34,18.10%,125,22.40%,53,54.60%,49,43.80%
            No health insurance coverage,623,24.20%,484,16.20%,57,12.60%,246,16.80%,699,21.40%,80,9.80%,664,22.80%,703,24.60%,514,42.30%,171,26.60%,766,18.80%,384,20.80%,131,10.60%,87,9.70%,118,6.80%,239,13.50%,26,11.30%,200,14.30%,103,6.10%,46,3.30%,311,14.00%,32,18.10%,0,-,0,-,21,6.00%,424,29.80%,188,15.20%,588,28.80%,406,13.70%,138,7.90%,32,3.00%,42,5.70%,368,23.20%,3,6.70%,637,36.70%,778,40.20%,217,46.40%,419,43.30%,935,34.60%,628,30.60%,275,22.90%,885,28.70%,227,11.80%,613,35.30%,881,23.90%,659,25.40%,66,71.00%,314,32.10%,476,18.20%,45,23.90%,76,13.60%,31,32.00%,4,3.60%
PERCENTAGE OF FAMILIES AND PEOPLE WHOSE INCOME IN THE PAST 12 MONTHS IS BELOW THE POVERTY LEVEL,,,,,,,,,,,,,,,,,,,,,,,,,,,,,,,,,,,,,,,,,,,,,,,,,,,,,,,,,,,,,,,,,,,,,,,,,,,,,,,,,,,,,,,,,,,,,,,,,,,,,,,,,,
    All families,(X),5.50%,(X),4.20%,(X),6.00%,(X),6.00%,(X),12.00%,(X),0.50%,(X),12.10%,(X),17.70%,(X),25.50%,(X),6.90%,(X),7.00%,(X),17.80%,(X),2.10%,(X),7.70%,(X),9.50%,(X),3.20%,(X),2.30%,(X),3.80%,(X),1.20%,(X),2.20%,(X),0.70%,(X),0.50%,(X),-,(X),-,(X),5.90%,(X),32.20%,(X),25.60%,(X),15.60%,(X),11.30%,(X),5.10%,(X),5.70%,(X),0.80%,(X),3.20%,(X),5.20%,(X),13.30%,(X),27.30%,(X),36.20%,(X),16.70%,(X),22.40%,(X),27.20%,(X),14.30%,(X),24.00%,(X),9.40%,(X),27.20%,(X),9.40%,(X),16.00%,(X),11.20%,(X),7.10%,(X),9.60%,(X),0.00%,(X),2.60%,(X),0.00%,(X),78.30%
        With related children of the householder under 18 years,(X),6.80%,(X),5.30%,(X),10.30%,(X),8.10%,(X),19.90%,(X),0.00%,(X),22.00%,(X),27.60%,(X),36.20%,(X),11.60%,(X),13.00%,(X),28.90%,(X),3.00%,(X),12.40%,(X),17.00%,(X),5.40%,(X),5.60%,(X),6.70%,(X),1.40%,(X),3.00%,(X),0.00%,(X),1.10%,(X),-,(X),-,(X),26.30%,(X),65.70%,(X),57.60%,(X),16.40%,(X),18.50%,(X),8.00%,(X),15.60%,(X),1.80%,(X),4.50%,(X),20.80%,(X),23.20%,(X),31.30%,(X),50.60%,(X),28.20%,(X),36.10%,(X),36.00%,(X),22.50%,(X),36.50%,(X),13.50%,(X),45.90%,(X),14.80%,(X),26.50%,(X),24.00%,(X),13.40%,(X),18.10%,(X),0.00%,(X),0.00%,(X),0.00%,(X),84.20%
            With related children of the householder under 5 years only,(X),2.40%,(X),0.00%,(X),0.00%,(X),1.80%,(X),24.80%,(X),0.00%,(X),15.00%,(X),24.20%,(X),0.00%,(X),0.00%,(X),13.20%,(X),19.10%,(X),5.40%,(X),42.30%,(X),0.00%,(X),0.00%,(X),42.10%,(X),3.50%,(X),2.80%,(X),0.00%,(X),0.00%,(X),0.00%,(X),-,(X),-,(X),41.70%,(X),71.30%,(X),48.20%,(X),35.60%,(X),24.30%,(X),8.50%,(X),17.60%,(X),0.00%,(X),8.10%,(X),-,(X),39.40%,(X),37.20%,(X),100.00%,(X),27.40%,(X),25.00%,(X),56.30%,(X),0.00%,(X),5.70%,(X),11.30%,(X),59.70%,(X),16.30%,(X),20.10%,(X),0.00%,(X),0.00%,(X),13.50%,(X),0.00%,(X),0.00%,(X),0.00%,(X),100.00%
        Married couple families,(X),3.00%,(X),2.30%,(X),3.70%,(X),0.80%,(X),4.80%,(X),0.60%,(X),4.50%,(X),6.20%,(X),15.80%,(X),0.00%,(X),2.70%,(X),2.40%,(X),1.60%,(X),5.20%,(X),2.60%,(X),2.40%,(X),1.90%,(X),2.00%,(X),0.60%,(X),0.30%,(X),0.60%,(X),0.70%,(X),-,(X),-,(X),4.90%,(X),8.50%,(X),4.60%,(X),10.20%,(X),1.70%,(X),1.80%,(X),2.20%,(X),0.00%,(X),0.80%,(X),0.00%,(X),3.90%,(X),18.20%,(X),25.50%,(X),11.70%,(X),24.10%,(X),10.40%,(X),8.40%,(X),10.90%,(X),4.00%,(X),6.20%,(X),4.30%,(X),10.60%,(X),0.00%,(X),2.10%,(X),6.60%,(X),0.00%,(X),3.00%,(X),0.00%,(X),0.00%
            With related children of the householder under 18 years,(X),2.70%,(X),1.30%,(X),5.60%,(X),0.80%,(X),7.80%,(X),0.00%,(X),5.40%,(X),3.40%,(X),26.60%,(X),0.00%,(X),4.90%,(X),2.20%,(X),2.30%,(X),8.40%,(X),4.50%,(X),3.70%,(X),5.10%,(X),3.40%,(X),0.00%,(X),0.00%,(X),0.00%,(X),1.60%,(X),-,(X),-,(X),31.90%,(X),27.20%,(X),12.60%,(X),8.50%,(X),2.80%,(X),0.00%,(X),4.80%,(X),0.00%,(X),0.00%,(X),0.00%,(X),7.30%,(X),18.40%,(X),39.00%,(X),20.10%,(X),35.10%,(X),6.10%,(X),14.70%,(X),10.60%,(X),7.70%,(X),16.00%,(X),3.50%,(X),18.00%,(X),0.00%,(X),2.00%,(X),11.50%,(X),0.00%,(X),0.00%,(X),0.00%,(X),-
                With related children of the householder under 5 years only,(X),3.30%,(X),0.00%,(X),0.00%,(X),0.00%,(X),8.50%,(X),0.00%,(X),0.00%,(X),1.60%,(X),0.00%,(X),0.00%,(X),0.00%,(X),0.00%,(X),7.10%,(X),16.10%,(X),0.00%,(X),0.00%,(X),42.10%,(X),4.50%,(X),0.00%,(X),0.00%,(X),0.00%,(X),0.00%,(X),-,(X),-,(X),41.70%,(X),19.00%,(X),0.00%,(X),32.20%,(X),6.60%,(X),0.00%,(X),17.60%,(X),0.00%,(X),0.00%,(X),-,(X),12.10%,(X),0.00%,(X),-,(X),-,(X),0.00%,(X),10.40%,(X),0.00%,(X),0.00%,(X),2.40%,(X),0.00%,(X),6.20%,(X),3.70%,(X),0.00%,(X),0.00%,(X),13.50%,(X),0.00%,(X),0.00%,(X),0.00%,(X),-
"        Families with female householder, no spouse present",(X),14.50%,(X),11.40%,(X),24.30%,(X),25.20%,(X),16.20%,(X),0.00%,(X),33.40%,(X),38.50%,(X),44.00%,(X),28.00%,(X),26.80%,(X),51.20%,(X),4.80%,(X),22.40%,(X),35.90%,(X),9.30%,(X),11.10%,(X),18.90%,(X),4.80%,(X),12.00%,(X),1.40%,(X),0.00%,(X),-,(X),-,(X),30.30%,(X),53.20%,(X),59.90%,(X),34.40%,(X),29.00%,(X),38.80%,(X),52.50%,(X),9.70%,(X),15.90%,(X),14.30%,(X),44.10%,(X),39.50%,(X),54.40%,(X),27.40%,(X),23.10%,(X),36.50%,(X),28.40%,(X),30.90%,(X),20.50%,(X),42.70%,(X),19.40%,(X),25.60%,(X),24.60%,(X),21.50%,(X),18.70%,(X),0.00%,(X),0.00%,(X),0.00%,(X),81.90%
            With related children of the householder under 18 years,(X),14.70%,(X),13.70%,(X),35.40%,(X),32.90%,(X),25.10%,(X),0.00%,(X),42.30%,(X),55.50%,(X),49.30%,(X),40.50%,(X),37.20%,(X),54.50%,(X),6.70%,(X),33.90%,(X),47.70%,(X),13.00%,(X),9.80%,(X),29.10%,(X),7.40%,(X),13.90%,(X),0.00%,(X),0.00%,(X),-,(X),-,(X),-,(X),78.50%,(X),84.30%,(X),38.80%,(X),44.10%,(X),46.30%,(X),70.80%,(X),22.20%,(X),20.40%,(X),100.00%,(X),67.40%,(X),56.10%,(X),66.40%,(X),36.60%,(X),38.40%,(X),46.30%,(X),42.20%,(X),39.90%,(X),22.10%,(X),58.00%,(X),31.60%,(X),36.70%,(X),35.30%,(X),40.30%,(X),30.80%,(X),0.00%,(X),0.00%,(X),-,(X),81.90%
                With related children of the householder under 5 years only,(X),0.00%,(X),0.00%,(X),0.00%,(X),14.00%,(X),55.20%,(X),0.00%,(X),35.90%,(X),68.50%,(X),0.00%,(X),-,(X),61.00%,(X),43.90%,(X),0.00%,(X),100.00%,(X),0.00%,(X),-,(X),-,(X),0.00%,(X),34.10%,(X),0.00%,(X),0.00%,(X),-,(X),-,(X),-,(X),-,(X),100.00%,(X),85.50%,(X),71.40%,(X),84.90%,(X),40.90%,(X),-,(X),0.00%,(X),41.70%,(X),-,(X),100.00%,(X),90.00%,(X),100.00%,(X),32.50%,(X),65.00%,(X),82.30%,(X),0.00%,(X),0.00%,(X),23.80%,(X),77.00%,(X),26.50%,(X),23.10%,(X),0.00%,(X),0.00%,(X),17.60%,(X),-,(X),-,(X),-,(X),100.00%
    All people,(X),7.20%,(X),6.00%,(X),7.50%,(X),7.10%,(X),15.30%,(X),2.50%,(X),18.00%,(X),18.30%,(X),31.60%,(X),9.90%,(X),11.50%,(X),19.60%,(X),4.40%,(X),8.50%,(X),12.80%,(X),6.20%,(X),4.70%,(X),10.30%,(X),1.80%,(X),2.30%,(X),3.20%,(X),3.50%,(X),24.60%,(X),-,(X),11.30%,(X),36.50%,(X),26.90%,(X),26.70%,(X),20.40%,(X),13.40%,(X),13.20%,(X),1.60%,(X),5.70%,(X),15.70%,(X),16.80%,(X),29.70%,(X),41.10%,(X),24.90%,(X),32.80%,(X),32.40%,(X),18.60%,(X),27.70%,(X),12.00%,(X),30.60%,(X),10.70%,(X),19.90%,(X),16.20%,(X),10.50%,(X),14.80%,(X),2.00%,(X),4.80%,(X),7.50%,(X),81.70%
        Under 18 years,(X),10.10%,(X),7.70%,(X),12.60%,(X),7.70%,(X),19.10%,(X),0.00%,(X),23.90%,(X),31.90%,(X),44.50%,(X),11.70%,(X),17.90%,(X),33.50%,(X),3.70%,(X),10.30%,(X),27.60%,(X),9.30%,(X),4.60%,(X),11.60%,(X),1.10%,(X),2.80%,(X),0.10%,(X),3.50%,(X),-,(X),-,(X),12.30%,(X),77.90%,(X),69.40%,(X),14.80%,(X),17.10%,(X),10.60%,(X),10.50%,(X),1.60%,(X),3.20%,(X),16.00%,(X),18.20%,(X),41.00%,(X),55.60%,(X),28.10%,(X),36.50%,(X),48.50%,(X),24.60%,(X),46.90%,(X),12.80%,(X),50.60%,(X),14.00%,(X),31.90%,(X),31.50%,(X),18.80%,(X),24.00%,(X),0.00%,(X),0.00%,(X),0.00%,(X),85.80%
            Related children of the householder under 18 years,(X),8.40%,(X),7.50%,(X),11.40%,(X),7.20%,(X),19.00%,(X),0.00%,(X),22.90%,(X),31.60%,(X),44.50%,(X),9.60%,(X),17.30%,(X),33.50%,(X),3.30%,(X),10.30%,(X),26.80%,(X),8.50%,(X),4.60%,(X),10.90%,(X),1.10%,(X),1.80%,(X),0.00%,(X),1.90%,(X),-,(X),-,(X),16.70%,(X),77.90%,(X),69.40%,(X),14.80%,(X),17.10%,(X),10.60%,(X),10.50%,(X),1.30%,(X),3.20%,(X),16.00%,(X),18.30%,(X),41.00%,(X),55.60%,(X),28.10%,(X),36.50%,(X),48.50%,(X),24.60%,(X),46.20%,(X),12.60%,(X),49.40%,(X),13.90%,(X),31.90%,(X),31.50%,(X),18.10%,(X),23.90%,(X),0.00%,(X),0.00%,(X),0.00%,(X),85.80%
                Related children of the householder under 5 years,(X),9.00%,(X),0.90%,(X),17.80%,(X),12.00%,(X),25.60%,(X),0.00%,(X),28.00%,(X),31.60%,(X),26.10%,(X),6.30%,(X),20.80%,(X),39.70%,(X),4.50%,(X),25.50%,(X),29.50%,(X),10.60%,(X),15.70%,(X),6.10%,(X),1.30%,(X),0.00%,(X),0.00%,(X),0.00%,(X),-,(X),-,(X),33.30%,(X),79.80%,(X),77.10%,(X),20.90%,(X),18.80%,(X),10.30%,(X),12.10%,(X),0.00%,(X),5.00%,(X),-,(X),24.00%,(X),42.70%,(X),67.70%,(X),36.20%,(X),42.40%,(X),72.00%,(X),17.40%,(X),39.10%,(X),10.40%,(X),74.50%,(X),11.20%,(X),26.30%,(X),0.00%,(X),28.00%,(X),23.00%,(X),0.00%,(X),0.00%,(X),0.00%,(X),100.00%
                Related children of the householder 5 to 17 years,(X),8.20%,(X),9.60%,(X),9.20%,(X),6.00%,(X),15.90%,(X),0.00%,(X),21.00%,(X),31.60%,(X),50.80%,(X),11.40%,(X),15.90%,(X),30.70%,(X),2.90%,(X),3.70%,(X),25.80%,(X),7.90%,(X),1.60%,(X),12.40%,(X),1.10%,(X),2.30%,(X),0.00%,(X),2.30%,(X),-,(X),-,(X),0.00%,(X),76.80%,(X),66.50%,(X),12.50%,(X),16.50%,(X),10.80%,(X),10.20%,(X),1.70%,(X),2.20%,(X),16.00%,(X),16.70%,(X),40.30%,(X),49.60%,(X),26.70%,(X),34.40%,(X),39.30%,(X),27.60%,(X),48.40%,(X),14.20%,(X),40.70%,(X),14.90%,(X),34.30%,(X),51.50%,(X),11.60%,(X),24.20%,(X),0.00%,(X),0.00%,(X),0.00%,(X),83.40%
        18 years and over,(X),6.10%,(X),5.40%,(X),5.80%,(X),6.80%,(X),14.20%,(X),3.30%,(X),16.50%,(X),14.20%,(X),26.30%,(X),9.40%,(X),9.90%,(X),13.30%,(X),4.60%,(X),7.90%,(X),8.00%,(X),5.00%,(X),4.70%,(X),10.00%,(X),2.00%,(X),2.00%,(X),4.20%,(X),3.60%,(X),24.60%,(X),-,(X),11.20%,(X),25.30%,(X),19.80%,(X),29.20%,(X),21.10%,(X),13.60%,(X),13.40%,(X),1.60%,(X),6.20%,(X),15.60%,(X),16.30%,(X),24.80%,(X),32.10%,(X),23.60%,(X),31.30%,(X),26.30%,(X),16.60%,(X),21.50%,(X),11.80%,(X),23.30%,(X),9.70%,(X),15.30%,(X),10.10%,(X),8.20%,(X),12.40%,(X),2.70%,(X),5.70%,(X),8.70%,(X),77.00%
            18 to 64 years,(X),6.30%,(X),5.20%,(X),5.80%,(X),6.90%,(X),15.20%,(X),3.40%,(X),18.30%,(X),14.50%,(X),27.70%,(X),10.70%,(X),10.80%,(X),14.20%,(X),4.10%,(X),8.40%,(X),8.00%,(X),5.60%,(X),5.20%,(X),9.70%,(X),1.60%,(X),2.40%,(X),4.30%,(X),3.10%,(X),24.60%,(X),-,(X),11.20%,(X),25.00%,(X),19.30%,(X),29.50%,(X),21.50%,(X),13.80%,(X),16.30%,(X),1.00%,(X),6.40%,(X),14.80%,(X),16.90%,(X),21.90%,(X),35.50%,(X),18.90%,(X),32.70%,(X),28.20%,(X),18.40%,(X),22.90%,(X),12.30%,(X),24.90%,(X),10.00%,(X),15.80%,(X),10.40%,(X),8.70%,(X),13.40%,(X),3.20%,(X),3.30%,(X),13.90%,(X),77.00%
            65 years and over,(X),5.60%,(X),6.30%,(X),6.00%,(X),6.30%,(X),9.70%,(X),2.60%,(X),10.40%,(X),13.20%,(X),16.30%,(X),4.70%,(X),7.40%,(X),8.10%,(X),5.90%,(X),5.30%,(X),8.20%,(X),3.30%,(X),3.40%,(X),11.00%,(X),3.30%,(X),0.30%,(X),3.90%,(X),5.40%,(X),-,(X),-,(X),12.70%,(X),28.80%,(X),23.10%,(X),26.80%,(X),18.60%,(X),11.70%,(X),3.30%,(X),3.70%,(X),5.30%,(X),33.30%,(X),9.80%,(X),47.20%,(X),4.90%,(X),54.00%,(X),24.90%,(X),20.10%,(X),9.10%,(X),17.20%,(X),9.80%,(X),16.90%,(X),8.60%,(X),12.90%,(X),9.30%,(X),5.80%,(X),8.90%,(X),0.00%,(X),9.90%,(X),0.00%,(X),-
        People in families,(X),6.00%,(X),4.30%,(X),6.50%,(X),5.50%,(X),12.10%,(X),0.40%,(X),12.60%,(X),18.70%,(X),31.10%,(X),6.10%,(X),8.70%,(X),19.20%,(X),2.00%,(X),8.20%,(X),12.50%,(X),4.30%,(X),2.60%,(X),5.70%,(X),0.90%,(X),1.50%,(X),0.50%,(X),1.20%,(X),-,(X),-,(X),5.70%,(X),45.10%,(X),32.70%,(X),15.10%,(X),11.50%,(X),5.30%,(X),6.00%,(X),0.70%,(X),2.80%,(X),9.80%,(X),12.20%,(X),29.80%,(X),43.70%,(X),18.80%,(X),26.70%,(X),29.40%,(X),15.30%,(X),27.90%,(X),9.30%,(X),30.00%,(X),8.70%,(X),19.60%,(X),16.40%,(X),8.40%,(X),11.80%,(X),0.00%,(X),2.30%,(X),0.00%,(X),78.40%
        Unrelated individuals 15 years and over,(X),14.80%,(X),14.60%,(X),12.00%,(X),17.00%,(X),23.30%,(X),26.50%,(X),29.60%,(X),17.10%,(X),33.50%,(X),26.20%,(X),19.90%,(X),22.90%,(X),13.50%,(X),10.50%,(X),14.10%,(X),18.70%,(X),24.50%,(X),32.50%,(X),6.10%,(X),11.60%,(X),18.70%,(X),22.00%,(X),24.60%,(X),-,(X),13.00%,(X),26.50%,(X),20.90%,(X),43.30%,(X),32.70%,(X),17.30%,(X),20.40%,(X),7.60%,(X),11.10%,(X),22.60%,(X),31.60%,(X),29.30%,(X),24.10%,(X),50.60%,(X),47.00%,(X),39.70%,(X),29.70%,(X),27.20%,(X),18.80%,(X),32.10%,(X),17.80%,(X),21.00%,(X),15.60%,(X),15.80%,(X),22.60%,(X),10.70%,(X),14.20%,(X),23.00%,(X),100.00%
